-- MySQL dump 10.16  Distrib 10.1.48-MariaDB, for debian-linux-gnu (x86_64)
--
-- Host: localhost    Database: projeto
-- ------------------------------------------------------
-- Server version	10.1.48-MariaDB-0ubuntu0.18.04.1

/*!40101 SET @OLD_CHARACTER_SET_CLIENT=@@CHARACTER_SET_CLIENT */;
/*!40101 SET @OLD_CHARACTER_SET_RESULTS=@@CHARACTER_SET_RESULTS */;
/*!40101 SET @OLD_COLLATION_CONNECTION=@@COLLATION_CONNECTION */;
/*!40101 SET NAMES utf8mb4 */;
/*!40103 SET @OLD_TIME_ZONE=@@TIME_ZONE */;
/*!40103 SET TIME_ZONE='+00:00' */;
/*!40014 SET @OLD_UNIQUE_CHECKS=@@UNIQUE_CHECKS, UNIQUE_CHECKS=0 */;
/*!40014 SET @OLD_FOREIGN_KEY_CHECKS=@@FOREIGN_KEY_CHECKS, FOREIGN_KEY_CHECKS=0 */;
/*!40101 SET @OLD_SQL_MODE=@@SQL_MODE, SQL_MODE='NO_AUTO_VALUE_ON_ZERO' */;
/*!40111 SET @OLD_SQL_NOTES=@@SQL_NOTES, SQL_NOTES=0 */;

DROP DATABASE IF EXISTS project;

CREATE DATABASE project;

USE project;

CREATE OR REPLACE USER username@localhost IDENTIFIED BY 'password';
GRANT ALL PRIVILEGES ON project.* TO 'username'@'localhost';

--
-- Table structure for table `CVE`
--

DROP TABLE IF EXISTS `CVE`;

/*!40101 SET @saved_cs_client     = @@character_set_client */;
/*!40101 SET character_set_client = utf8 */;

CREATE TABLE `CVE` (
  `CVE_id` varchar(30) NOT NULL,
  `CVSS` varchar(4) NOT NULL,
  `Severity` varchar(8) NOT NULL,
  `CWE` varchar(14) NOT NULL,
  `CVSS_vector` varchar(40) NOT NULL,
  `IMP_availability` varchar(10) NOT NULL,
  `IMP_confidentiality` varchar(10) NOT NULL,
  `IMP_integrity` varchar(10) NOT NULL,
  `ACC_Auth` varchar(12) NOT NULL,
  `ACC_complexity` varchar(15) NOT NULL,
  `ACC_vector` varchar(20) NOT NULL,
  PRIMARY KEY (`CVE_id`)
) ENGINE=InnoDB DEFAULT CHARSET=utf8mb4;
/*!40101 SET character_set_client = @saved_cs_client */;

--
-- Dumping data for table `CVE`
--

LOCK TABLES `CVE` WRITE;
/*!40000 ALTER TABLE `CVE` DISABLE KEYS */;
INSERT INTO `CVE` VALUES ('CVE-1999-0488','7.5','High','NVD-CWE-Other','AV:N/AC:L/Au:N/C:P/I:P/A:P','PARTIAL','PARTIAL','PARTIAL','NONE','LOW','NETWORK'),('CVE-2000-0122','5','Medium','NVD-CWE-Other','AV:N/AC:L/Au:N/C:P/I:N/A:N','NONE','PARTIAL','NONE','NONE','LOW','NETWORK'),('CVE-2000-0160','7.6','High','NVD-CWE-Other','AV:N/AC:H/Au:N/C:C/I:C/A:C','COMPLETE','COMPLETE','COMPLETE','NONE','HIGH','NETWORK'),('CVE-2000-0256','7.5','High','NVD-CWE-Other','AV:N/AC:L/Au:N/C:P/I:P/A:P','PARTIAL','PARTIAL','PARTIAL','NONE','LOW','NETWORK'),('CVE-2000-0544','5','Medium','NVD-CWE-Other','AV:N/AC:L/Au:N/C:N/I:N/A:P','PARTIAL','NONE','NONE','NONE','LOW','NETWORK'),('CVE-2001-0131','3.3','Low','CWE-59','AV:L/AC:M/Au:N/C:N/I:P/A:P','PARTIAL','NONE','PARTIAL','NONE','MEDIUM','LOCAL'),('CVE-2002-0419','5','Medium','CWE-200','AV:N/AC:L/Au:N/C:P/I:N/A:N','NONE','PARTIAL','NONE','NONE','LOW','NETWORK'),('CVE-2002-0563','5','Medium','CWE-287','AV:N/AC:L/Au:N/C:P/I:N/A:N','NONE','PARTIAL','NONE','NONE','LOW','NETWORK'),('CVE-2004-0790','5','Medium','NVD-CWE-Other','AV:N/AC:L/Au:N/C:N/I:N/A:P','PARTIAL','NONE','NONE','NONE','LOW','NETWORK'),('CVE-2004-0928','5','Medium','NVD-CWE-Other','AV:N/AC:L/Au:N/C:P/I:N/A:N','NONE','PARTIAL','NONE','NONE','LOW','NETWORK'),('CVE-2004-1060','5','Medium','NVD-CWE-Other','AV:N/AC:L/Au:N/C:N/I:N/A:P','PARTIAL','NONE','NONE','NONE','LOW','NETWORK'),('CVE-2004-2383','5.1','Medium','NVD-CWE-Other','AV:N/AC:H/Au:N/C:P/I:P/A:P','PARTIAL','PARTIAL','PARTIAL','NONE','HIGH','NETWORK'),('CVE-2005-0563','4.3','Medium','CWE-79','AV:N/AC:M/Au:N/C:N/I:P/A:N','NONE','NONE','PARTIAL','NONE','MEDIUM','NETWORK'),('CVE-2006-3697','7.2','High','CWE-264','AV:L/AC:L/Au:N/C:C/I:C/A:C','COMPLETE','COMPLETE','COMPLETE','NONE','LOW','LOCAL'),('CVE-2006-3942','7.8','High','CWE-20','AV:N/AC:L/Au:N/C:N/I:N/A:C','COMPLETE','NONE','NONE','NONE','LOW','NETWORK'),('CVE-2006-5395','7.5','High','NVD-CWE-Other','AV:N/AC:L/Au:N/C:P/I:P/A:P','PARTIAL','PARTIAL','PARTIAL','NONE','LOW','NETWORK'),('CVE-2006-6627','10','Critical','NVD-CWE-Other','AV:N/AC:L/Au:N/C:C/I:C/A:C','COMPLETE','COMPLETE','COMPLETE','NONE','LOW','NETWORK'),('CVE-2007-0038','9.3','Critical','CWE-119','AV:N/AC:M/Au:N/C:C/I:C/A:C','COMPLETE','COMPLETE','COMPLETE','NONE','MEDIUM','NETWORK'),('CVE-2007-1765','9.3','Critical','NVD-CWE-noinfo','AV:N/AC:M/Au:N/C:C/I:C/A:C','COMPLETE','COMPLETE','COMPLETE','NONE','MEDIUM','NETWORK'),('CVE-2007-6502','5.5','Medium','CWE-200','AV:N/AC:L/Au:S/C:P/I:P/A:N','NONE','PARTIAL','PARTIAL','SINGLE','LOW','NETWORK'),('CVE-2008-0085','5','Medium','CWE-200','AV:N/AC:L/Au:N/C:P/I:N/A:N','NONE','PARTIAL','NONE','NONE','LOW','NETWORK'),('CVE-2008-0107','9','Critical','CWE-189','AV:N/AC:L/Au:S/C:C/I:C/A:C','COMPLETE','COMPLETE','COMPLETE','SINGLE','LOW','NETWORK'),('CVE-2008-1327','7.5','High','CWE-287','AV:N/AC:L/Au:N/C:P/I:P/A:P','PARTIAL','PARTIAL','PARTIAL','NONE','LOW','NETWORK'),('CVE-2008-1447','5','Medium','CWE-331','AV:N/AC:L/Au:N/C:N/I:P/A:N','NONE','NONE','PARTIAL','NONE','LOW','NETWORK'),('CVE-2008-3243','4.3','Medium','CWE-20','AV:N/AC:M/Au:N/C:N/I:N/A:P','PARTIAL','NONE','NONE','NONE','MEDIUM','NETWORK'),('CVE-2008-5994','4.3','Medium','CWE-79','AV:N/AC:M/Au:N/C:N/I:P/A:N','NONE','NONE','PARTIAL','NONE','MEDIUM','NETWORK'),('CVE-2009-0038','4.3','Medium','CWE-79','AV:N/AC:M/Au:N/C:N/I:P/A:N','NONE','NONE','PARTIAL','NONE','MEDIUM','NETWORK'),('CVE-2009-0053','4.3','Medium','CWE-310','AV:N/AC:M/Au:N/C:P/I:N/A:N','NONE','PARTIAL','NONE','NONE','MEDIUM','NETWORK'),('CVE-2009-0054','4.3','Medium','CWE-255','AV:N/AC:M/Au:N/C:P/I:N/A:N','NONE','PARTIAL','NONE','NONE','MEDIUM','NETWORK'),('CVE-2009-0055','6.8','Medium','CWE-352','AV:N/AC:M/Au:N/C:P/I:P/A:P','PARTIAL','PARTIAL','PARTIAL','NONE','MEDIUM','NETWORK'),('CVE-2009-0056','6.8','Medium','CWE-352','AV:N/AC:M/Au:N/C:P/I:P/A:P','PARTIAL','PARTIAL','PARTIAL','NONE','MEDIUM','NETWORK'),('CVE-2009-0087','9.3','Critical','NVD-CWE-noinfo','AV:N/AC:M/Au:N/C:C/I:C/A:C','COMPLETE','COMPLETE','COMPLETE','NONE','MEDIUM','NETWORK'),('CVE-2009-0100','9.3','Critical','CWE-399','AV:N/AC:M/Au:N/C:C/I:C/A:C','COMPLETE','COMPLETE','COMPLETE','NONE','MEDIUM','NETWORK'),('CVE-2009-0550','9.3','Critical','NVD-CWE-Other','AV:N/AC:M/Au:N/C:C/I:C/A:C','COMPLETE','COMPLETE','COMPLETE','NONE','MEDIUM','NETWORK'),('CVE-2009-0557','9.3','Critical','CWE-94','AV:N/AC:M/Au:N/C:C/I:C/A:C','COMPLETE','COMPLETE','COMPLETE','NONE','MEDIUM','NETWORK'),('CVE-2009-0560','9.3','Critical','CWE-399','AV:N/AC:M/Au:N/C:C/I:C/A:C','COMPLETE','COMPLETE','COMPLETE','NONE','MEDIUM','NETWORK'),('CVE-2009-0561','9.3','Critical','CWE-189','AV:N/AC:M/Au:N/C:C/I:C/A:C','COMPLETE','COMPLETE','COMPLETE','NONE','MEDIUM','NETWORK'),('CVE-2009-0563','9.3','Critical','CWE-119','AV:N/AC:M/Au:N/C:C/I:C/A:C','COMPLETE','COMPLETE','COMPLETE','NONE','MEDIUM','NETWORK'),('CVE-2009-0565','9.3','Critical','CWE-119','AV:N/AC:M/Au:N/C:C/I:C/A:C','COMPLETE','COMPLETE','COMPLETE','NONE','MEDIUM','NETWORK'),('CVE-2009-1134','9.3','Critical','CWE-94','AV:N/AC:M/Au:N/C:C/I:C/A:C','COMPLETE','COMPLETE','COMPLETE','NONE','MEDIUM','NETWORK'),('CVE-2009-2499','8.5','High','CWE-94','AV:N/AC:M/Au:S/C:C/I:C/A:C','COMPLETE','COMPLETE','COMPLETE','SINGLE','MEDIUM','NETWORK'),('CVE-2010-1263','9.3','Critical','CWE-94','AV:N/AC:M/Au:N/C:C/I:C/A:C','COMPLETE','COMPLETE','COMPLETE','NONE','MEDIUM','NETWORK'),('CVE-2010-1425','5','Medium','NVD-CWE-Other','AV:N/AC:L/Au:N/C:N/I:P/A:N','NONE','NONE','PARTIAL','NONE','LOW','NETWORK'),('CVE-2010-1900','9.3','Critical','CWE-94','AV:N/AC:M/Au:N/C:C/I:C/A:C','COMPLETE','COMPLETE','COMPLETE','NONE','MEDIUM','NETWORK'),('CVE-2010-1901','9.3','Critical','CWE-94','AV:N/AC:M/Au:N/C:C/I:C/A:C','COMPLETE','COMPLETE','COMPLETE','NONE','MEDIUM','NETWORK'),('CVE-2010-1902','9.3','Critical','CWE-119','AV:N/AC:M/Au:N/C:C/I:C/A:C','COMPLETE','COMPLETE','COMPLETE','NONE','MEDIUM','NETWORK'),('CVE-2010-3449','6.8','Medium','CWE-352','AV:N/AC:M/Au:N/C:P/I:P/A:P','PARTIAL','PARTIAL','PARTIAL','NONE','MEDIUM','NETWORK'),('CVE-2011-0533','4.3','Medium','CWE-79','AV:N/AC:M/Au:N/C:N/I:P/A:N','NONE','NONE','PARTIAL','NONE','MEDIUM','NETWORK'),('CVE-2012-0814','3.5','Low','CWE-255','AV:N/AC:M/Au:S/C:P/I:N/A:N','NONE','PARTIAL','NONE','SINGLE','MEDIUM','NETWORK'),('CVE-2012-1854','6.9','Medium','NVD-CWE-Other','AV:L/AC:M/Au:N/C:C/I:C/A:C','COMPLETE','COMPLETE','COMPLETE','NONE','MEDIUM','LOCAL'),('CVE-2013-0340','6.8','Medium','CWE-611','AV:N/AC:M/Au:N/C:P/I:P/A:P','PARTIAL','PARTIAL','PARTIAL','NONE','MEDIUM','NETWORK'),('CVE-2013-1359','10','Critical','CWE-287','AV:N/AC:L/Au:N/C:C/I:C/A:C','COMPLETE','COMPLETE','COMPLETE','NONE','LOW','NETWORK'),('CVE-2014-0085','2.1','Low','CWE-255','AV:L/AC:L/Au:N/C:P/I:N/A:N','NONE','PARTIAL','NONE','NONE','LOW','LOCAL'),('CVE-2014-6271','10','Critical','CWE-78','AV:N/AC:L/Au:N/C:C/I:C/A:C','COMPLETE','COMPLETE','COMPLETE','NONE','LOW','NETWORK'),('CVE-2015-4950','4','Medium','CWE-200','AV:N/AC:L/Au:S/C:P/I:N/A:N','NONE','PARTIAL','NONE','SINGLE','LOW','NETWORK'),('CVE-2015-6557','2.1','Low','CWE-200','AV:L/AC:L/Au:N/C:P/I:N/A:N','NONE','PARTIAL','NONE','NONE','LOW','LOCAL'),('CVE-2015-7404','1.9','Low','CWE-200','AV:L/AC:M/Au:N/C:P/I:N/A:N','NONE','PARTIAL','NONE','NONE','MEDIUM','LOCAL'),('CVE-2015-8982','6.8','Medium','CWE-190','AV:N/AC:M/Au:N/C:P/I:P/A:P','PARTIAL','PARTIAL','PARTIAL','NONE','MEDIUM','NETWORK'),('CVE-2016-10012','7.2','High','CWE-119','AV:L/AC:L/Au:N/C:C/I:C/A:C','COMPLETE','COMPLETE','COMPLETE','NONE','LOW','LOCAL'),('CVE-2016-10708','5','Medium','CWE-476','AV:N/AC:L/Au:N/C:N/I:N/A:P','PARTIAL','NONE','NONE','NONE','LOW','NETWORK'),('CVE-2016-1234','5','Medium','CWE-119','AV:N/AC:L/Au:N/C:N/I:N/A:P','PARTIAL','NONE','NONE','NONE','LOW','NETWORK'),('CVE-2016-2166','5.8','Medium','CWE-200','AV:N/AC:M/Au:N/C:P/I:P/A:N','NONE','PARTIAL','PARTIAL','NONE','MEDIUM','NETWORK'),('CVE-2016-4462','6.5','Medium','CWE-20','AV:N/AC:L/Au:S/C:P/I:P/A:P','PARTIAL','PARTIAL','PARTIAL','SINGLE','LOW','NETWORK'),('CVE-2016-5387','5.1','Medium','CWE-284','AV:N/AC:H/Au:N/C:P/I:P/A:P','PARTIAL','PARTIAL','PARTIAL','NONE','HIGH','NETWORK'),('CVE-2016-5388','5.1','Medium','CWE-284','AV:N/AC:H/Au:N/C:P/I:P/A:P','PARTIAL','PARTIAL','PARTIAL','NONE','HIGH','NETWORK'),('CVE-2016-5582','9.3','Critical','CWE-284','AV:N/AC:M/Au:N/C:C/I:C/A:C','COMPLETE','COMPLETE','COMPLETE','NONE','MEDIUM','NETWORK'),('CVE-2016-6799','5','Medium','CWE-532','AV:N/AC:L/Au:N/C:P/I:N/A:N','NONE','PARTIAL','NONE','NONE','LOW','NETWORK'),('CVE-2017-0098','2.9','Low','CWE-20','AV:A/AC:M/Au:N/C:N/I:N/A:P','PARTIAL','NONE','NONE','NONE','MEDIUM','ADJACENT_N'),('CVE-2017-15714','7.5','High','CWE-74','AV:N/AC:L/Au:N/C:P/I:P/A:P','PARTIAL','PARTIAL','PARTIAL','NONE','LOW','NETWORK'),('CVE-2017-17837','4.3','Medium','CWE-79','AV:N/AC:M/Au:N/C:N/I:P/A:N','NONE','NONE','PARTIAL','NONE','MEDIUM','NETWORK'),('CVE-2017-9106','5','Medium','CWE-119','AV:N/AC:L/Au:N/C:N/I:N/A:P','PARTIAL','NONE','NONE','NONE','LOW','NETWORK'),('CVE-2018-11786','9','Critical','CWE-269','AV:N/AC:L/Au:S/C:C/I:C/A:C','COMPLETE','COMPLETE','COMPLETE','SINGLE','LOW','NETWORK'),('CVE-2018-1199','5','Medium','CWE-20','AV:N/AC:L/Au:N/C:P/I:N/A:N','NONE','PARTIAL','NONE','NONE','LOW','NETWORK'),('CVE-2018-1336','5','Medium','CWE-835','AV:N/AC:L/Au:N/C:N/I:N/A:P','PARTIAL','NONE','NONE','NONE','LOW','NETWORK'),('CVE-2018-16890','5','Medium','CWE-125','AV:N/AC:L/Au:N/C:N/I:N/A:P','PARTIAL','NONE','NONE','NONE','LOW','NETWORK'),('CVE-2018-5282','7.2','High','CWE-787','AV:L/AC:L/Au:N/C:C/I:C/A:C','COMPLETE','COMPLETE','COMPLETE','NONE','LOW','LOCAL'),('CVE-2018-5391','7.8','High','CWE-20','AV:N/AC:L/Au:N/C:N/I:N/A:C','COMPLETE','NONE','NONE','NONE','LOW','NETWORK'),('CVE-2018-8010','2.1','Low','CWE-611','AV:L/AC:L/Au:N/C:P/I:N/A:N','NONE','PARTIAL','NONE','NONE','LOW','LOCAL'),('CVE-2018-8039','6.8','Medium','CWE-755','AV:N/AC:M/Au:N/C:P/I:P/A:P','PARTIAL','PARTIAL','PARTIAL','NONE','MEDIUM','NETWORK'),('CVE-2019-0224','4.3','Medium','CWE-79','AV:N/AC:M/Au:N/C:N/I:P/A:N','NONE','NONE','PARTIAL','NONE','MEDIUM','NETWORK'),('CVE-2019-1000','3.5','Low','CWE-269','AV:N/AC:M/Au:S/C:N/I:P/A:N','NONE','NONE','PARTIAL','SINGLE','MEDIUM','NETWORK'),('CVE-2019-11231','5','Medium','CWE-22','AV:N/AC:L/Au:N/C:P/I:N/A:N','NONE','PARTIAL','NONE','NONE','LOW','NETWORK'),('CVE-2019-12401','5','Medium','CWE-776','AV:N/AC:L/Au:N/C:N/I:N/A:P','PARTIAL','NONE','NONE','NONE','LOW','NETWORK'),('CVE-2019-12405','6.8','Medium','CWE-287','AV:N/AC:M/Au:N/C:P/I:P/A:P','PARTIAL','PARTIAL','PARTIAL','NONE','MEDIUM','NETWORK'),('CVE-2019-12409','7.5','High','CWE-434','AV:N/AC:L/Au:N/C:P/I:P/A:P','PARTIAL','PARTIAL','PARTIAL','NONE','LOW','NETWORK'),('CVE-2019-12418','4.4','Medium','CWE-522','AV:L/AC:M/Au:N/C:P/I:P/A:P','PARTIAL','PARTIAL','PARTIAL','NONE','MEDIUM','LOCAL'),('CVE-2019-13012','5','Medium','CWE-732','AV:N/AC:L/Au:N/C:N/I:P/A:N','NONE','NONE','PARTIAL','NONE','LOW','NETWORK'),('CVE-2019-13050','5','Medium','CWE-295','AV:N/AC:L/Au:N/C:N/I:N/A:P','PARTIAL','NONE','NONE','NONE','LOW','NETWORK'),('CVE-2019-13115','5.8','Medium','CWE-190','AV:N/AC:M/Au:N/C:P/I:N/A:P','PARTIAL','PARTIAL','NONE','NONE','MEDIUM','NETWORK'),('CVE-2019-13565','5','Medium','NVD-CWE-noinfo','AV:N/AC:L/Au:N/C:P/I:N/A:N','NONE','PARTIAL','NONE','NONE','LOW','NETWORK'),('CVE-2019-16056','5','Medium','NVD-CWE-noinfo','AV:N/AC:L/Au:N/C:P/I:N/A:N','NONE','PARTIAL','NONE','NONE','LOW','NETWORK'),('CVE-2019-16863','4.3','Medium','CWE-327','AV:N/AC:M/Au:N/C:P/I:N/A:N','NONE','PARTIAL','NONE','NONE','MEDIUM','NETWORK'),('CVE-2019-17560','6.4','Medium','CWE-295','AV:N/AC:L/Au:N/C:P/I:P/A:N','NONE','PARTIAL','PARTIAL','NONE','LOW','NETWORK'),('CVE-2019-17570','7.5','High','CWE-502','AV:N/AC:L/Au:N/C:P/I:P/A:P','PARTIAL','PARTIAL','PARTIAL','NONE','LOW','NETWORK'),('CVE-2019-3822','7.5','High','CWE-787','AV:N/AC:L/Au:N/C:P/I:P/A:P','PARTIAL','PARTIAL','PARTIAL','NONE','LOW','NETWORK'),('CVE-2019-9512','7.8','High','CWE-400','AV:N/AC:L/Au:N/C:N/I:N/A:C','COMPLETE','NONE','NONE','NONE','LOW','NETWORK'),('CVE-2019-9514','7.8','High','CWE-770','AV:N/AC:L/Au:N/C:N/I:N/A:C','COMPLETE','NONE','NONE','NONE','LOW','NETWORK'),('CVE-2019-9515','7.8','High','CWE-770','AV:N/AC:L/Au:N/C:N/I:N/A:C','COMPLETE','NONE','NONE','NONE','LOW','NETWORK'),('CVE-2019-9517','7.8','High','CWE-770','AV:N/AC:L/Au:N/C:N/I:N/A:C','COMPLETE','NONE','NONE','NONE','LOW','NETWORK'),('CVE-2019-9518','7.8','High','CWE-770','AV:N/AC:L/Au:N/C:N/I:N/A:C','COMPLETE','NONE','NONE','NONE','LOW','NETWORK'),('CVE-2019-9853','6.8','Medium','CWE-116','AV:N/AC:M/Au:N/C:P/I:P/A:P','PARTIAL','PARTIAL','PARTIAL','NONE','MEDIUM','NETWORK'),('CVE-2020-1296','2.1','Low','CWE-200','AV:L/AC:L/Au:N/C:P/I:N/A:N','NONE','PARTIAL','NONE','NONE','LOW','LOCAL'),('CVE-2020-13925','10','Critical','CWE-78','AV:N/AC:L/Au:N/C:C/I:C/A:C','COMPLETE','COMPLETE','COMPLETE','NONE','LOW','NETWORK'),('CVE-2020-13926','7.5','High','CWE-89','AV:N/AC:L/Au:N/C:P/I:P/A:P','PARTIAL','PARTIAL','PARTIAL','NONE','LOW','NETWORK'),('CVE-2020-13932','4.3','Medium','CWE-79','AV:N/AC:M/Au:N/C:N/I:P/A:N','NONE','NONE','PARTIAL','NONE','MEDIUM','NETWORK'),('CVE-2020-13948','6.5','Medium','NVD-CWE-noinfo','AV:N/AC:L/Au:S/C:P/I:P/A:P','PARTIAL','PARTIAL','PARTIAL','SINGLE','LOW','NETWORK'),('CVE-2020-13952','5.5','Medium','NVD-CWE-noinfo','AV:N/AC:L/Au:S/C:P/I:P/A:N','NONE','PARTIAL','PARTIAL','SINGLE','LOW','NETWORK'),('CVE-2020-1459','2.1','Low','CWE-200','AV:L/AC:L/Au:N/C:P/I:N/A:N','NONE','PARTIAL','NONE','NONE','LOW','LOCAL'),('CVE-2020-14621','5','Medium','NVD-CWE-noinfo','AV:N/AC:L/Au:N/C:N/I:P/A:N','NONE','NONE','PARTIAL','NONE','LOW','NETWORK'),('CVE-2020-15137','3.6','Low','CWE-190','AV:L/AC:L/Au:N/C:P/I:N/A:P','PARTIAL','PARTIAL','NONE','NONE','LOW','LOCAL'),('CVE-2020-1752','3.7','Low','CWE-416','AV:L/AC:H/Au:N/C:P/I:P/A:P','PARTIAL','PARTIAL','PARTIAL','NONE','HIGH','LOCAL'),('CVE-2020-1992','9.3','Critical','CWE-134','AV:N/AC:M/Au:N/C:C/I:C/A:C','COMPLETE','COMPLETE','COMPLETE','NONE','MEDIUM','NETWORK'),('CVE-2020-2030','9','Critical','CWE-78','AV:N/AC:L/Au:S/C:C/I:C/A:C','COMPLETE','COMPLETE','COMPLETE','SINGLE','LOW','NETWORK'),('CVE-2020-25709','5','Medium','CWE-617','AV:N/AC:L/Au:N/C:N/I:N/A:P','PARTIAL','NONE','NONE','NONE','LOW','NETWORK'),('CVE-2020-26195','5','Medium','CWE-755','AV:N/AC:L/Au:N/C:N/I:N/A:P','PARTIAL','NONE','NONE','NONE','LOW','NETWORK'),('CVE-2020-26233','3.6','Low','CWE-706','AV:N/AC:H/Au:S/C:P/I:P/A:N','NONE','PARTIAL','PARTIAL','SINGLE','HIGH','NETWORK'),('CVE-2020-28025','5','Medium','CWE-125','AV:N/AC:L/Au:N/C:P/I:N/A:N','NONE','PARTIAL','NONE','NONE','LOW','NETWORK'),('CVE-2020-35608','7.2','High','CWE-74','AV:L/AC:L/Au:N/C:C/I:C/A:C','COMPLETE','COMPLETE','COMPLETE','NONE','LOW','LOCAL'),('CVE-2020-6021','4.4','Medium','CWE-427','AV:L/AC:M/Au:N/C:P/I:P/A:P','PARTIAL','PARTIAL','PARTIAL','NONE','MEDIUM','LOCAL'),('CVE-2020-7760','5','Medium','CWE-400','AV:N/AC:L/Au:N/C:N/I:N/A:P','PARTIAL','NONE','NONE','NONE','LOW','NETWORK'),('CVE-2021-21502','7.5','High','CWE-269','AV:N/AC:L/Au:N/C:P/I:P/A:P','PARTIAL','PARTIAL','PARTIAL','NONE','LOW','NETWORK'),('CVE-2021-21505','10','Critical','CWE-522','AV:N/AC:L/Au:N/C:C/I:C/A:C','COMPLETE','COMPLETE','COMPLETE','NONE','LOW','NETWORK'),('CVE-2021-22696','5','Medium','CWE-918','AV:N/AC:L/Au:N/C:N/I:N/A:P','PARTIAL','NONE','NONE','NONE','LOW','NETWORK'),('CVE-2021-23336','4','Medium','CWE-444','AV:N/AC:H/Au:N/C:N/I:P/A:P','PARTIAL','NONE','PARTIAL','NONE','HIGH','NETWORK'),('CVE-2021-23937','5','Medium','CWE-20','AV:N/AC:L/Au:N/C:N/I:N/A:P','PARTIAL','NONE','NONE','NONE','LOW','NETWORK'),('CVE-2021-26291','6.4','Medium','CWE-346','AV:N/AC:L/Au:N/C:P/I:P/A:N','NONE','PARTIAL','PARTIAL','NONE','LOW','NETWORK'),('CVE-2021-26558','5','Medium','CWE-502','AV:N/AC:L/Au:N/C:N/I:P/A:N','NONE','NONE','PARTIAL','NONE','LOW','NETWORK'),('CVE-2021-30468','5','Medium','CWE-400','AV:N/AC:L/Au:N/C:N/I:N/A:P','PARTIAL','NONE','NONE','NONE','LOW','NETWORK'),('CVE-2021-30638','5','Medium','CWE-200','AV:N/AC:L/Au:N/C:P/I:N/A:N','NONE','PARTIAL','NONE','NONE','LOW','NETWORK'),('CVE-2021-31522','7.5','High','CWE-470','AV:N/AC:L/Au:N/C:P/I:P/A:P','PARTIAL','PARTIAL','PARTIAL','NONE','LOW','NETWORK'),('CVE-2021-32626','6.5','Medium','CWE-787','AV:N/AC:L/Au:S/C:P/I:P/A:P','PARTIAL','PARTIAL','PARTIAL','SINGLE','LOW','NETWORK'),('CVE-2021-33912','9.3','Critical','CWE-787','AV:N/AC:M/Au:N/C:C/I:C/A:C','COMPLETE','COMPLETE','COMPLETE','NONE','MEDIUM','NETWORK'),('CVE-2021-33913','9.3','Critical','CWE-787','AV:N/AC:M/Au:N/C:C/I:C/A:C','COMPLETE','COMPLETE','COMPLETE','NONE','MEDIUM','NETWORK'),('CVE-2021-34405','4.9','Medium','CWE-476','AV:L/AC:L/Au:N/C:N/I:N/A:C','COMPLETE','NONE','NONE','NONE','LOW','LOCAL'),('CVE-2021-36774','4','Medium','CWE-668','AV:N/AC:L/Au:S/C:P/I:N/A:N','NONE','PARTIAL','NONE','SINGLE','LOW','NETWORK'),('CVE-2021-37136','5','Medium','CWE-400','AV:N/AC:L/Au:N/C:N/I:N/A:P','PARTIAL','NONE','NONE','NONE','LOW','NETWORK'),('CVE-2021-37137','5','Medium','CWE-400','AV:N/AC:L/Au:N/C:N/I:N/A:P','PARTIAL','NONE','NONE','NONE','LOW','NETWORK'),('CVE-2021-38505','4.3','Medium','CWE-668','AV:N/AC:M/Au:N/C:P/I:N/A:N','NONE','PARTIAL','NONE','NONE','MEDIUM','NETWORK'),('CVE-2021-41571','4','Medium','CWE-20','AV:N/AC:L/Au:S/C:P/I:N/A:N','NONE','PARTIAL','NONE','SINGLE','LOW','NETWORK'),('CVE-2021-41616','7.5','High','CWE-502','AV:N/AC:L/Au:N/C:P/I:P/A:P','PARTIAL','PARTIAL','PARTIAL','NONE','LOW','NETWORK'),('CVE-2021-43297','7.5','High','CWE-502','AV:N/AC:L/Au:N/C:P/I:P/A:P','PARTIAL','PARTIAL','PARTIAL','NONE','LOW','NETWORK'),('CVE-2021-44228','9.3','Critical','CWE-502','AV:N/AC:M/Au:N/C:C/I:C/A:C','COMPLETE','COMPLETE','COMPLETE','NONE','MEDIUM','NETWORK'),('CVE-2021-45457','5','Medium','CWE-522','AV:N/AC:L/Au:N/C:P/I:N/A:N','NONE','PARTIAL','NONE','NONE','LOW','NETWORK'),('CVE-2021-45458','5','Medium','CWE-326','AV:N/AC:L/Au:N/C:P/I:N/A:N','NONE','PARTIAL','NONE','NONE','LOW','NETWORK'),('CVE-2022-22932','5','Medium','CWE-22','AV:N/AC:L/Au:N/C:P/I:N/A:N','NONE','PARTIAL','NONE','NONE','LOW','NETWORK');
/*!40000 ALTER TABLE `CVE` ENABLE KEYS */;
UNLOCK TABLES;

--
-- Table structure for table `Domain`
--

DROP TABLE IF EXISTS `Domain`;
/*!40101 SET @saved_cs_client     = @@character_set_client */;
/*!40101 SET character_set_client = utf8 */;
CREATE TABLE `Domain` (
  `IP_address` varchar(15) NOT NULL,
  `Domain_name` varchar(100) NOT NULL,
  `Rating` double(3,1) NOT NULL,
  `OS` varchar(100) NOT NULL,
  PRIMARY KEY (`IP_address`)
) ENGINE=InnoDB DEFAULT CHARSET=utf8mb4;
/*!40101 SET character_set_client = @saved_cs_client */;

--
-- Dumping data for table `Domain`
--

LOCK TABLES `Domain` WRITE;
/*!40000 ALTER TABLE `Domain` DISABLE KEYS */;
INSERT INTO `Domain` VALUES ('10.0.10.90','claudia.av.it.pt',7.2,''),('10.0.12.21','iot.av.it.pt',7.2,''),('10.0.20.15','cloud.nap.av.it.pt',0.0,''),('10.2.0.64','prime.core.ua.pt',0.0,''),('10.2.1.26','ucs6248up.core.ua.pt',0.0,''),('10.55.14.3','bud-ev2.ua.pt',10.0,''),('10.55.15.15','stic-pam-pta.ua.pt',0.0,' OpenBSD 4.0 '),('10.55.15.16','stic-pam.ua.pt',0.0,' OpenBSD 4.0 '),('192.168.160.106','deti-valormar-update.web.ua.pt',0.0,''),('192.168.160.118','deti-valormar.web.ua.pt',0.0,''),('192.168.160.182','essua-radiologia.ua.pt',0.0,''),('192.168.160.193','staging-nextcloud1.ua.pt',0.0,''),('192.168.160.202','paco20-play.ua.pt',0.0,''),('192.168.160.239','eventos.dev.ua.pt',0.0,''),('192.168.160.240','paco20-prod.ua.pt',0.0,''),('192.168.160.241','ssc.web.ua.pt',0.0,''),('192.168.164.130','gq.sas.ua.pt',0.0,''),('192.168.180.82','cc.voip.ua.pt',0.0,''),('192.168.181.1','stolichnaya-vip.ua.pt',0.0,''),('192.168.181.73','virtualapps-i.ua.pt',0.0,''),('192.168.240.15','quexs-isca.ua.pt',0.0,''),('192.168.240.27','voip.ua.pt',0.0,''),('192.168.248.164','biobank.web.ua.pt',0.0,''),('192.168.248.176','openstack.servers.ua.pt',0.0,''),('192.168.248.71','cloud4ies-piloto.ua.pt',0.0,''),('192.168.253.125','mx3.demo.ua.pt',0.0,''),('192.168.253.200','mail.demo.ua.pt',0.0,''),('192.168.253.216','fed.demo.ua.pt',0.0,''),('192.168.253.7','logs.staging.ua.pt',0.0,''),('192.168.68.162','dcspt-lab.ua.pt',0.0,''),('192.92.133.11','dspace.dev.ua.pt',0.0,' OpenBSD 4.0 '),('192.92.133.27','docges-preview.ua.pt',5.8,''),('192.92.133.28','wavecom.voip.ua.pt',0.0,' OpenBSD 4.0 '),('192.92.133.34','flow-app.qa.ua.pt',0.0,''),('192.92.133.35','bookstack.dev.ua.pt',0.0,' OpenBSD 4.0 '),('192.92.133.36','wso2-1.dev.ua.pt',0.0,' OpenBSD 4.0 '),('192.92.133.4','elearning.dev.ua.pt',0.0,' OpenBSD 4.0 '),('192.92.133.50','docker2.dev.ua.pt',0.0,' OpenBSD 4.0 '),('192.92.133.51','docker3.dev.ua.pt',0.0,' OpenBSD 4.0 '),('192.92.133.54','registry.dev.ua.pt',0.0,' OpenBSD 4.3 '),('192.92.133.8','forms.dev.ua.pt',0.0,' OpenBSD 4.0 '),('193.136.172.10','Celeborn.ua.pt',0.0,' OpenBSD 4.0 '),('193.136.172.103','docges.ua.pt',5.8,''),('193.136.172.11','galadriel.ua.pt',0.0,' OpenBSD 4.0 '),('193.136.172.120','snapcreator.ua.pt',0.0,' OpenBSD 4.0 '),('193.136.172.137','girafa.cic.ua.pt',0.0,' OpenBSD 4.0 '),('193.136.172.151','srv-sccm2012.ua.pt',10.0,''),('193.136.172.156','scom-w2.ua.pt',0.0,' OpenBSD 4.0 '),('193.136.172.173','denethor.ua.pt',0.0,' OpenBSD 4.0 '),('193.136.172.174','faramir.ua.pt',0.0,' OpenBSD 4.0 '),('193.136.172.175','boromir.ua.pt',0.0,' OpenBSD 4.0 '),('193.136.172.183','tfs.clients.ua.pt',10.0,''),('193.136.172.184','app.web.ua.pt',0.0,' OpenBSD 4.0 '),('193.136.172.185','docker1.ua.pt',0.0,' OpenBSD 4.3 '),('193.136.172.186','docker2.ua.pt',0.0,' OpenBSD 4.0 '),('193.136.172.207','reyka.ua.pt',0.0,' OpenBSD 4.0 '),('193.136.172.209','absolut.ua.pt',0.0,' OpenBSD 4.0 '),('193.136.172.219','next-online.ua.pt',0.0,' OpenBSD 4.0 '),('193.136.172.42','prismcentral.ua.pt',0.0,' Linux 3.16 '),('193.136.172.49','stic-vmportal.ua.pt',4.3,' AVtech Room Alert 26W environmental monitor '),('193.136.172.58','galera2-n1.ua.pt',0.0,' OpenBSD 4.0 '),('193.136.172.61','galera-n1.ua.pt',0.0,' OpenBSD 4.0 '),('193.136.172.62','galera-n2.ua.pt',0.0,' OpenBSD 4.0 '),('193.136.172.76','printing.ua.pt',0.0,' OpenBSD 4.0 '),('193.136.172.89','bud-old.ua.pt',10.0,' Microsoft Windows Server 2008 or 2008 Beta 3 '),('193.136.173.1','oldmail.ua.pt',0.0,' OpenBSD 4.0 '),('193.136.173.100','idp.ua.pt',10.0,' Microsoft Windows Server 2016 '),('193.136.173.103','identity.ua.pt',10.0,''),('193.136.173.109','pi4ies-g.ua.pt',0.0,' OpenBSD 4.0 '),('193.136.173.118','virtualapps.ua.pt',0.0,' OpenBSD 4.0 '),('193.136.173.12','ecuidhamus.web.ua.pt',0.0,''),('193.136.173.2','mx01.ua.pt',10.0,''),('193.136.173.24','seonline.isca.ua.pt',10.0,' AVtech Room Alert 26W environmental monitor '),('193.136.173.26','mx3.ua.pt',6.8,' FreeBSD 9.0-RELEASE - 10.3-RELEASE '),('193.136.173.27','mx4.ua.pt',6.8,' FreeBSD 9.0-RELEASE - 10.3-RELEASE '),('193.136.173.34','abc.ua.pt',0.0,' OpenBSD 4.0 '),('193.136.173.39','gest.unave.ua.pt',0.0,' OpenBSD 4.0 '),('193.136.173.5','mx1.ua.pt',10.0,''),('193.136.173.51','academia.web.ua.pt',9.3,' Microsoft Windows Server 2008 or 2008 Beta 3 '),('193.136.173.58','flow.ua.pt',0.0,''),('193.136.173.6','mx2.ua.pt',10.0,''),('193.136.173.62','elearning-202122.ua.pt',0.0,' OpenBSD 4.0 '),('193.136.173.65','stic-openid.ua.pt',0.0,' OpenBSD 4.0 '),('193.136.173.7','exchange.ua.pt',10.0,' Microsoft Windows Server 2016 '),('193.136.173.78','sma.ua.pt',0.0,' OpenBSD 4.0 '),('193.136.173.84','certidao.ua.pt',10.0,' Microsoft Windows Server 2008 or 2008 Beta 3 '),('193.136.173.9','blogs.ua.pt',10.0,''),('193.136.173.91','naleph.doc.ua.pt',5.8,''),('193.136.173.92','sigb.ua.pt',0.0,' OpenBSD 4.0 '),('193.136.173.93','elearning-201718.ua.pt',0.0,' OpenBSD 4.0 '),('193.136.173.95','elearning-projetos.ua.pt',10.0,''),('193.136.175.13','code.ua.pt',10.0,''),('193.136.175.23','glua.ua.pt',0.0,''),('193.136.175.32','deti-labqar.ua.pt',0.0,' Linux 2.6.32 '),('193.136.175.4','ieeta-cloudpt.web.ua.pt',0.0,' Linux 2.6.32 '),('193.136.92.1','vpn2.av.it.pt',7.2,' FreeBSD 11.2-RELEASE '),('193.136.92.113','fpga.av.it.pt',9.3,''),('193.136.92.140','es.av.it.pt',7.2,' Linux 2.6.32 '),('193.136.92.147','xcoa.av.it.pt',7.2,''),('193.136.92.150','alex.aws.atnog.av.it.pt',7.2,''),('193.136.92.162','onlyoffice.av.it.pt',9.3,''),('193.136.92.181','mephisto.av.it.pt',7.2,''),('193.136.92.35','4tellstore.av.it.pt',7.2,''),('193.136.92.51','www.mobiwise.nap.av.it.pt',10.0,''),('193.137.172.2','bscw.bio.ua.pt',5.8,' Microsoft Windows XP SP3 '),('193.137.172.20','ims.mec.ua.pt',4.3,' Microsoft Windows XP SP3 '),('193.137.172.30','alfresco.dev.ua.pt',0.0,''),('193.137.172.47','dcspt-drivitup.ua.pt',0.0,' Linux 4.15 - 5.6 '),('193.137.172.64','govcopp-dsslab.ua.pt',0.0,''),('193.137.172.66','sas-desporto.ua.pt',7.2,' Linux 2.6.32 '),('193.137.172.67','mixmyvisit.web.ua.pt',0.0,' Linux 2.6.32 or 3.10 '),('193.137.172.68','sga-mobilidadenet.ua.pt',0.0,''),('193.137.172.71','locallproject.web.ua.pt',5.8,' Linux 5.0 - 5.3 '),('193.137.172.72','sga-mobilidadenet-qa.ua.pt',0.0,''),('193.137.172.73','ehealthresp-api.web.ua.pt',0.0,' Linux 4.15 - 5.6 '),('193.137.172.81','geo-navsafety.ua.pt',0.0,''),('193.137.172.90','aim.ua.pt',3.5,' Microsoft Windows XP SP3 '),('193.137.172.94','megua.ua.pt',5.8,' Linux 2.6.32 '),('193.137.172.95','dmat-cocalc.ua.pt',0.0,' Linux 2.6.32 '),('193.137.173.211','ctf-metared-2021.ua.pt',0.0,''),('193.137.173.235','go.ua.pt',10.0,' Linux 3.10 - 4.11 '),('40.84.227.188','imc.web.ua.pt',0.0,' OpenBSD 4.0 ');
/*!40000 ALTER TABLE `Domain` ENABLE KEYS */;
UNLOCK TABLES;

--
-- Table structure for table `Domain_Ports`
--

DROP TABLE IF EXISTS `Domain_Ports`;
/*!40101 SET @saved_cs_client     = @@character_set_client */;
/*!40101 SET character_set_client = utf8 */;
CREATE TABLE `Domain_Ports` (
  `id` int(11) NOT NULL AUTO_INCREMENT,
  `number` int(11) NOT NULL,
  `type` varchar(10) NOT NULL,
  `state` varchar(10) NOT NULL,
  `service` varchar(10) NOT NULL,
  `version` varchar(50) NOT NULL,
  `FK_Domain` varchar(15) NOT NULL,
  PRIMARY KEY (`id`),
  KEY `FK_Domain` (`FK_Domain`),
  CONSTRAINT `Domain_Ports_ibfk_1` FOREIGN KEY (`FK_Domain`) REFERENCES `Domain` (`IP_address`)
) ENGINE=InnoDB AUTO_INCREMENT=259 DEFAULT CHARSET=utf8mb4;
/*!40101 SET character_set_client = @saved_cs_client */;

--
-- Dumping data for table `Domain_Ports`
--

LOCK TABLES `Domain_Ports` WRITE;
/*!40000 ALTER TABLE `Domain_Ports` DISABLE KEYS */;
INSERT INTO `Domain_Ports` VALUES (8,1720,'tcp','open','h323q931?','','193.136.172.10'),(9,1720,'tcp','open','h323q931?','','193.136.173.34'),(10,1720,'tcp','open','h323q931?','','193.136.172.209'),(11,2179,'tcp','closed','vmrdp','','193.136.172.209'),(12,22,'tcp','open','ssh','OpenSSHfor_Windows_8.1(protocol2.0)','193.137.172.90'),(13,1720,'tcp','open','h323q931?','','193.136.172.184'),(14,80,'tcp','open','http','Apachehttpd','193.136.173.9'),(15,443,'tcp','open','ssl/http','Apachehttpd','193.136.173.9'),(16,1720,'tcp','open','h323q931?','','193.136.173.9'),(17,8000,'tcp','open','http','HandleSystemProxyServer','193.136.173.9'),(18,8001,'tcp','closed','vcom-tunne','','193.136.173.9'),(19,1720,'tcp','open','h323q931?','','192.92.133.35'),(20,1720,'tcp','open','h323q931?','','193.136.172.175'),(21,80,'tcp','open','http','Apachehttpd2.4.52(OpenSSL/1.1.1mPHP/7.3.33)','193.137.172.2'),(22,443,'tcp','open','ssl/http','Apachehttpd2.4.52((Win64)OpenSSL/1.1.1mPHP/7.3.33)','193.137.172.2'),(23,80,'tcp','closed','http','','10.55.14.3'),(24,443,'tcp','open','ssl/http','Apachehttpd','10.55.14.3'),(25,1720,'tcp','open','h323q931?','','10.55.14.3'),(26,80,'tcp','open','http','MicrosoftHTTPAPIhttpd2.0(SSDP/UPnP)','193.136.172.89'),(27,443,'tcp','open','ssl/http','MicrosoftHTTPAPIhttpd2.0(SSDP/UPnP)','193.136.172.89'),(28,1720,'tcp','open','h323q931?','','193.136.172.89'),(29,80,'tcp','open','http','MicrosoftIIShttpd8.5','193.136.173.84'),(30,443,'tcp','open','ssl/http','MicrosoftIIShttpd8.5','193.136.173.84'),(31,1720,'tcp','open','h323q931?','','193.136.173.84'),(32,80,'tcp','open','http','Apachehttpd2.2.22((Debian))','193.136.175.13'),(33,443,'tcp','open','ssl/http','Thinhttpd','193.136.175.13'),(34,80,'tcp','open','http','nginx','193.137.172.47'),(35,443,'tcp','open','ssl/http','nginx','193.137.172.47'),(36,1720,'tcp','open','h323q931?','','193.136.172.173'),(37,80,'tcp','closed','http','','193.136.175.32'),(38,443,'tcp','open','ssl/http','nginx1.19.0','193.136.175.32'),(39,80,'tcp','closed','http','','193.137.172.95'),(40,443,'tcp','open','ssl/https','nginx/1.18.0(Ubuntu)','193.137.172.95'),(41,80,'tcp','open','http','Apachehttpd2.4.6((CentOS)OpenSSL/1.0.2k-fips)','192.92.133.27'),(42,443,'tcp','open','ssl/http','Apachehttpd2.4.6((CentOS)OpenSSL/1.0.2k-fips)','192.92.133.27'),(43,1720,'tcp','open','h323q931?','','192.92.133.27'),(44,80,'tcp','open','http','Apachehttpd2.4.6((CentOS)OpenSSL/1.0.1e-fips)','193.136.172.103'),(45,443,'tcp','open','ssl/http','Apachehttpd2.4.6((CentOS)OpenSSL/1.0.1e-fips)','193.136.172.103'),(46,1720,'tcp','open','h323q931?','','193.136.172.103'),(47,1720,'tcp','open','h323q931?','','193.136.172.185'),(48,1720,'tcp','open','h323q931?','','192.92.133.50'),(49,1720,'tcp','open','h323q931?','','193.136.172.186'),(50,1720,'tcp','open','h323q931?','','192.92.133.51'),(51,1720,'tcp','open','h323q931?','','192.92.133.11'),(52,80,'tcp','open','http','ProtectedbyCOMODOWAFmod_perl/2.0.11Perl/v5.16.3','193.136.173.12'),(53,443,'tcp','open','ssl/https','ProtectedbyCOMODOWAFmod_perl/2.0.11Perl/v5.16.3','193.136.173.12'),(54,1720,'tcp','open','h323q931?','','193.136.173.12'),(55,80,'tcp','open','http','nginx1.21.1','193.137.172.73'),(56,443,'tcp','open','ssl/http','nginx1.21.1','193.137.172.73'),(57,1720,'tcp','open','h323q931?','','193.136.173.93'),(58,1720,'tcp','open','h323q931?','','193.136.173.62'),(59,80,'tcp','open','http','Apachehttpd','193.136.173.95'),(60,443,'tcp','open','ssl/http','Apachehttpd','193.136.173.95'),(61,1720,'tcp','open','h323q931?','','193.136.173.95'),(62,1720,'tcp','open','h323q931?','','192.92.133.4'),(63,25,'tcp','open','smtp','MicrosoftExchangesmtpd','193.136.173.7'),(64,80,'tcp','open','http','MicrosoftIIShttpd10.0','193.136.173.7'),(65,135,'tcp','closed','msrpc','','193.136.173.7'),(66,443,'tcp','open','ssl/http','MicrosoftIIShttpd10.0','193.136.173.7'),(67,993,'tcp','open','ssl/imap','','193.136.173.7'),(68,995,'tcp','open','ssl/pop3','','193.136.173.7'),(69,1720,'tcp','open','h323q931?','','193.136.173.7'),(70,1720,'tcp','open','h323q931?','','193.136.172.174'),(71,80,'tcp','open','http','nginx1.20.2','192.92.133.34'),(72,443,'tcp','open','ssl/http','nginx1.20.2','192.92.133.34'),(73,1720,'tcp','open','h323q931?','','192.92.133.34'),(74,80,'tcp','open','http','nginx1.20.2','193.136.173.58'),(75,443,'tcp','open','ssl/http','nginx1.20.2','193.136.173.58'),(76,1720,'tcp','open','h323q931?','','193.136.173.58'),(77,1720,'tcp','open','h323q931?','','192.92.133.8'),(78,1720,'tcp','open','h323q931?','','193.136.172.11'),(79,1720,'tcp','open','h323q931?','','193.136.172.61'),(80,1720,'tcp','open','h323q931?','','193.136.172.62'),(81,1720,'tcp','open','h323q931?','','193.136.172.58'),(82,80,'tcp','closed','http','','193.137.172.81'),(83,81,'tcp','closed','hosts2-ns','','193.137.172.81'),(84,443,'tcp','closed','https','','193.137.172.81'),(85,1720,'tcp','open','h323q931?','','193.136.173.39'),(86,1720,'tcp','open','h323q931?','','193.136.172.137'),(87,21,'tcp','open','ftp','vsftpd3.0.2','193.136.175.23'),(88,80,'tcp','open','http','nginx1.20.2','193.136.175.23'),(89,443,'tcp','open','ssl/http','nginx1.20.2','193.136.175.23'),(90,873,'tcp','open','rsync','(protocolversion31)','193.136.175.23'),(91,264,'tcp','open','fw1-topolo','CheckPointFireWall-1Topology','193.137.173.235'),(92,80,'tcp','closed','http','','193.137.172.64'),(93,443,'tcp','closed','https','','193.137.172.64'),(94,80,'tcp','open','http','Apachehttpd(PHP5.3.3)','193.136.173.103'),(95,443,'tcp','open','ssl/http','Apachehttpd(PHP5.3.3)','193.136.173.103'),(96,1720,'tcp','open','h323q931?','','193.136.173.103'),(97,443,'tcp','open','ssl/http','MicrosoftHTTPAPIhttpd2.0(SSDP/UPnP)','193.136.173.100'),(98,1720,'tcp','open','h323q931?','','193.136.173.100'),(99,80,'tcp','open','http','nginx1.19.10','193.136.175.4'),(100,443,'tcp','open','ssl/http','nginx1.19.10','193.136.175.4'),(101,8081,'tcp','closed','blackice-i','','193.136.175.4'),(102,5060,'tcp','open','sip?','','40.84.227.188'),(103,80,'tcp','open','http','MicrosoftIIShttpd10.0','193.137.172.20'),(104,443,'tcp','open','ssl/http','MicrosoftHTTPAPIhttpd2.0(SSDP/UPnP)','193.137.172.20'),(105,80,'tcp','open','http','Apachehttpd2.4.29','193.137.172.71'),(106,443,'tcp','open','ssl/http','Apachehttpd2.4.29((Ubuntu))','193.137.172.71'),(107,80,'tcp','open','http','Apachehttpd2.4.29((Ubuntu))','193.137.172.94'),(108,443,'tcp','closed','https','','193.137.172.94'),(109,80,'tcp','open','http','nginx1.14.0(Ubuntu)','193.137.172.67'),(110,443,'tcp','open','ssl/http','nginx1.14.0(Ubuntu)','193.137.172.67'),(111,3333,'tcp','closed','dec-notes','','193.137.172.67'),(112,6001,'tcp','closed','X11:1','','193.137.172.67'),(113,25,'tcp','open','smtp','MicrosoftExchangesmtpd','193.136.173.2'),(114,1720,'tcp','open','h323q931?','','193.136.173.2'),(115,25,'tcp','open','smtp','MicrosoftExchangesmtpd','193.136.173.5'),(116,1720,'tcp','open','h323q931?','','193.136.173.5'),(117,25,'tcp','open','smtp','MicrosoftExchangesmtpd','193.136.173.6'),(118,1720,'tcp','open','h323q931?','','193.136.173.6'),(119,25,'tcp','open','smtp','IronPortsmtpd','193.136.173.26'),(120,1720,'tcp','open','h323q931?','','193.136.173.26'),(121,25,'tcp','open','smtp','IronPortsmtpd','193.136.173.27'),(122,1720,'tcp','open','h323q931?','','193.136.173.27'),(123,80,'tcp','open','http','Apachehttpd2.4.7((Ubuntu))','193.136.173.91'),(124,443,'tcp','open','ssl/http','Apachehttpd2.4.7((Ubuntu))','193.136.173.91'),(125,1720,'tcp','open','h323q931?','','193.136.173.91'),(126,1720,'tcp','open','h323q931?','','193.136.172.219'),(127,1720,'tcp','open','h323q931?','','193.136.173.1'),(128,1720,'tcp','open','h323q931?','','193.136.173.109'),(129,1720,'tcp','open','h323q931?','','193.136.172.76'),(130,80,'tcp','open','http','envoy','193.136.172.42'),(131,1720,'tcp','open','h323q931?','','193.136.172.42'),(132,1720,'tcp','open','h323q931?','','192.92.133.54'),(133,1720,'tcp','open','h323q931?','','193.136.172.207'),(134,2179,'tcp','open','vmrdp?','','193.136.172.207'),(135,22,'tcp','open','ssh','OpenSSH7.6p1Ubuntu4ubuntu0.3(UbuntuLinux;protocol2','193.137.172.66'),(136,80,'tcp','open','http','Apachehttpd2.4.29','193.137.172.66'),(137,443,'tcp','open','ssl/http','Apachehttpd2.4.29((Ubuntu))','193.137.172.66'),(138,8080,'tcp','closed','http-proxy','','193.137.172.66'),(139,1720,'tcp','open','h323q931?','','193.136.172.156'),(140,80,'tcp','open','http','MicrosoftHTTPAPIhttpd2.0(SSDP/UPnP)','193.136.173.24'),(141,443,'tcp','open','ssl/http','MicrosoftHTTPAPIhttpd2.0(SSDP/UPnP)','193.136.173.24'),(142,1720,'tcp','open','h323q931?','','193.136.173.24'),(143,80,'tcp','open','http','nginx1.20.1','193.137.172.72'),(144,443,'tcp','open','ssl/http','nginx1.20.1','193.137.172.72'),(145,80,'tcp','open','http','nginx1.20.1','193.137.172.68'),(146,443,'tcp','open','ssl/http','nginx1.20.1','193.137.172.68'),(147,1720,'tcp','open','h323q931?','','193.136.173.92'),(148,1720,'tcp','open','h323q931?','','193.136.173.78'),(149,1720,'tcp','open','h323q931?','','193.136.172.120'),(150,80,'tcp','open','http','MicrosoftIIShttpd8.5','193.136.172.151'),(151,443,'tcp','open','https?','','193.136.172.151'),(152,1720,'tcp','open','h323q931?','','193.136.172.151'),(153,1720,'tcp','open','h323q931?','','193.136.173.65'),(154,1720,'tcp','open','h323q931?','','10.55.15.15'),(155,1720,'tcp','open','h323q931?','','10.55.15.16'),(156,443,'tcp','open','ssl/http','MicrosoftIIShttpd10.0','193.136.172.49'),(157,1720,'tcp','open','h323q931?','','193.136.172.49'),(158,80,'tcp','open','http','MicrosoftHTTPAPIhttpd2.0(SSDP/UPnP)','193.136.172.183'),(159,443,'tcp','open','ssl/http','MicrosoftHTTPAPIhttpd2.0(SSDP/UPnP)','193.136.172.183'),(160,1720,'tcp','open','h323q931?','','193.136.172.183'),(161,1720,'tcp','open','h323q931?','','193.136.173.118'),(162,1720,'tcp','open','h323q931?','','192.92.133.28'),(163,1720,'tcp','open','h323q931?','','192.92.133.36'),(164,22,'tcp','open','ssh','OpenSSH6.1(protocol2.0)','193.136.92.35'),(165,80,'tcp','open','http','Apachehttpd(PHP5.3.28)','193.136.92.35'),(166,443,'tcp','open','ssl/http','QNAPNAShttpconfig','193.136.92.35'),(167,631,'tcp','open','ipp','CUPS1.6','193.136.92.35'),(168,873,'tcp','open','rsync','(protocolversion30)','193.136.92.35'),(169,8080,'tcp','open','http','Apachehttpd','193.136.92.35'),(170,8081,'tcp','open','ssl/http','Apachehttpd(PHP5.3.28)','193.136.92.35'),(171,8200,'tcp','open','upnp','QNAPDLNA1.0(DLNADOC1.50;UPnP1.0)','193.136.92.35'),(172,49152,'tcp','open','upnp','PortableSDKforUPnPdevices1.6.18(Linux3.4.6;UPnP1.0','193.136.92.35'),(173,22,'tcp','open','ssh','OpenSSH8.2p1Ubuntu4ubuntu0.4(UbuntuLinux;protocol2','193.136.92.150'),(174,80,'tcp','open','http','nginx','193.136.92.150'),(175,111,'tcp','open','rpcbind','2-4(RPC#100000)','193.136.92.150'),(176,443,'tcp','open','ssl/http','nginx','193.136.92.150'),(177,8080,'tcp','open','http','nginx','193.136.92.150'),(178,8081,'tcp','open','ssl/http','nginx','193.136.92.150'),(179,8082,'tcp','open','http','nginx','193.136.92.150'),(180,22,'tcp','open','ssh','OpenSSH8.0(protocol2.0)','10.0.10.90'),(181,25,'tcp','open','tcpwrapped','','10.0.10.90'),(182,80,'tcp','open','http','MicrosoftIIShttpd10.0','10.0.10.90'),(183,111,'tcp','open','rpcbind','2-4(RPC#100000)','10.0.10.90'),(184,135,'tcp','open','msrpc','MicrosoftWindowsRPC','10.0.10.90'),(185,139,'tcp','open','netbios-ss','MicrosoftWindowsnetbios-ssn','10.0.10.90'),(186,443,'tcp','open','https?','','10.0.10.90'),(187,445,'tcp','open','microsoft-','MicrosoftWindowsServer2008R2-2012microsoft-ds(work','10.0.10.90'),(188,587,'tcp','open','tcpwrapped','','10.0.10.90'),(189,2049,'tcp','open','mountd','1-3(RPC#100005)','10.0.10.90'),(190,3260,'tcp','open','iscsi?','','10.0.10.90'),(191,3389,'tcp','open','ms-wbt-ser','MicrosoftTerminalServices','10.0.10.90'),(192,21,'tcp','closed','ftp','','193.136.92.140'),(193,22,'tcp','open','ssh','OpenSSH8.9(protocol2.0)','193.136.92.140'),(194,25,'tcp','open','smtp','Eximsmtpd4.95','193.136.92.140'),(195,53,'tcp','closed','domain','','193.136.92.140'),(196,80,'tcp','open','http','nginx','193.136.92.140'),(197,443,'tcp','open','ssl/http','nginx','193.136.92.140'),(198,465,'tcp','open','tcpwrapped','','193.136.92.140'),(199,587,'tcp','open','smtp','Eximsmtpd4.95','193.136.92.140'),(200,3306,'tcp','open','mysql','MariaDB(unauthorized)','193.136.92.140'),(201,5000,'tcp','open','ssl/http','DockerRegistry(API:2.0)','193.136.92.140'),(202,8080,'tcp','closed','http-proxy','','193.136.92.140'),(203,9000,'tcp','open','http','nginx1.19.7','193.136.92.140'),(204,9001,'tcp','open','http','nginx','193.136.92.140'),(205,22,'tcp','open','ssh','OpenSSH7.6p1Ubuntu4ubuntu0.6(UbuntuLinux;protocol2','193.136.92.113'),(206,25,'tcp','open','smtp','Eximsmtpd4.90_1','193.136.92.113'),(207,53,'tcp','open','domain','ISCBIND9.11.3-1ubuntu1.17(UbuntuLinux)','193.136.92.113'),(208,80,'tcp','open','http','Apachehttpd','193.136.92.113'),(209,111,'tcp','open','rpcbind','2-4(RPC#100000)','193.136.92.113'),(210,443,'tcp','open','ssl/http','Apachehttpd','193.136.92.113'),(211,3306,'tcp','open','mysql','MySQL(unauthorized)','193.136.92.113'),(212,22,'tcp','open','ssh','OpenSSH8.2p1Ubuntu4ubuntu0.3(UbuntuLinux;protocol2','10.0.12.21'),(213,80,'tcp','open','http','nginx1.21.5','10.0.12.21'),(214,111,'tcp','open','rpcbind','2-4(RPC#100000)','10.0.12.21'),(215,3000,'tcp','open','ssl/ppp?','','10.0.12.21'),(216,7777,'tcp','open','http','Cowboyhttpd','10.0.12.21'),(217,8080,'tcp','open','rtsp','','10.0.12.21'),(218,8443,'tcp','open','ssl/rtsp','','10.0.12.21'),(219,8888,'tcp','open','amqp','RabbitMQ3.7.8(0-9)','10.0.12.21'),(220,9090,'tcp','open','http','Golangnet/httpserver(Go-IPFSjson-rpcorInfluxDBAPI)','10.0.12.21'),(221,22,'tcp','open','ssh','OpenSSH7.9p1Debian10+deb10u2(protocol2.0)','193.136.92.181'),(222,143,'tcp','open','imap','Dovecotimapd','193.136.92.181'),(223,993,'tcp','open','ssl/imap','Dovecotimapd','193.136.92.181'),(224,8080,'tcp','open','http','ApacheTomcat','193.136.92.181'),(225,22,'tcp','open','ssh','OpenSSH7.6p1Ubuntu4ubuntu0.5(UbuntuLinux;protocol2','193.136.92.162'),(226,25,'tcp','open','smtp','Postfixsmtpd','193.136.92.162'),(227,80,'tcp','open','http','nginx','193.136.92.162'),(228,143,'tcp','open','imap','Dovecotimapd','193.136.92.162'),(229,443,'tcp','open','ssl/http','nginx','193.136.92.162'),(230,587,'tcp','open','smtp','Postfixsmtpd','193.136.92.162'),(231,5222,'tcp','open','xmpp-clien','','193.136.92.162'),(232,22,'tcp','open','ssh','OpenSSH7.5(protocol2.0)','193.136.92.1'),(233,80,'tcp','open','http','nginx','193.136.92.1'),(234,443,'tcp','open','ssl/http','nginx','193.136.92.1'),(235,3000,'tcp','open','ssl/http','Mongoosehttpd','193.136.92.1'),(236,49152,'tcp','open','unknown','','193.136.92.1'),(237,49153,'tcp','open','unknown','','193.136.92.1'),(238,49154,'tcp','open','unknown','','193.136.92.1'),(239,49155,'tcp','open','unknown','','193.136.92.1'),(240,49156,'tcp','open','unknown','','193.136.92.1'),(241,49157,'tcp','open','unknown','','193.136.92.1'),(242,49158,'tcp','open','unknown','','193.136.92.1'),(243,49159,'tcp','open','unknown','','193.136.92.1'),(244,49160,'tcp','open','unknown','','193.136.92.1'),(245,49161,'tcp','open','unknown','','193.136.92.1'),(246,25,'tcp','open','tcpwrapped','','193.136.92.51'),(247,80,'tcp','open','http','MicrosoftIIShttpd8.5','193.136.92.51'),(248,135,'tcp','open','msrpc','MicrosoftWindowsRPC','193.136.92.51'),(249,443,'tcp','open','ssl/http','MicrosoftHTTPAPIhttpd2.0(SSDP/UPnP)','193.136.92.51'),(250,445,'tcp','open','microsoft-','MicrosoftWindowsServer2008R2-2012microsoft-ds','193.136.92.51'),(251,990,'tcp','open','tcpwrapped','','193.136.92.51'),(252,49155,'tcp','open','msrpc','MicrosoftWindowsRPC','193.136.92.51'),(253,22,'tcp','open','ssh','OpenSSH8.2p1Ubuntu4ubuntu0.3(UbuntuLinux;protocol2','193.136.92.147'),(254,80,'tcp','open','http','Apachehttpd2.4.41((Ubuntu))','193.136.92.147'),(255,443,'tcp','open','ssl/http','Apachehttpd2.4.41((Ubuntu))','193.136.92.147'),(256,80,'tcp','open','http','MicrosoftIIShttpd7.5','193.136.173.51'),(257,443,'tcp','open','ssl/http','MicrosoftHTTPAPIhttpd2.0(SSDP/UPnP)','193.136.173.51'),(258,1720,'tcp','open','h323q931?','','193.136.173.51');
/*!40000 ALTER TABLE `Domain_Ports` ENABLE KEYS */;
UNLOCK TABLES;

--
-- Table structure for table `Domain_Users`
--

DROP TABLE IF EXISTS `Domain_Users`;
/*!40101 SET @saved_cs_client     = @@character_set_client */;
/*!40101 SET character_set_client = utf8 */;
CREATE TABLE `Domain_Users` (
  `FK_Domain` varchar(15) NOT NULL,
  `FK_Users` varchar(40) NOT NULL,
  `State` varchar(7) NOT NULL DEFAULT 'Pending',
  PRIMARY KEY (`FK_Domain`,`FK_Users`),
  KEY `FK_Users` (`FK_Users`),
  CONSTRAINT `Domain_Users_ibfk_1` FOREIGN KEY (`FK_Domain`) REFERENCES `Domain` (`IP_address`),
  CONSTRAINT `Domain_Users_ibfk_2` FOREIGN KEY (`FK_Users`) REFERENCES `Users` (`Username`)
) ENGINE=InnoDB DEFAULT CHARSET=utf8mb4;
/*!40101 SET character_set_client = @saved_cs_client */;

--
-- Dumping data for table `Domain_Users`
--

LOCK TABLES `Domain_Users` WRITE;
/*!40000 ALTER TABLE `Domain_Users` DISABLE KEYS */;
INSERT INTO `Domain_Users` VALUES ('193.136.173.84','joaogilfernandes','Active'),('193.136.173.9','joaogilfernandes','Pending'),('193.136.92.181','pedrosa.tiago','Pending'),('193.137.172.20','pedrosa.tiago','Pending'),('193.137.172.90','pedrocjdpereira','Active'),('193.137.172.95','pedrocjdpereira','Pending');
/*!40000 ALTER TABLE `Domain_Users` ENABLE KEYS */;
UNLOCK TABLES;

--
-- Table structure for table `Domain_Vuln`
--

DROP TABLE IF EXISTS `Domain_Vuln`;
/*!40101 SET @saved_cs_client     = @@character_set_client */;
/*!40101 SET character_set_client = utf8 */;
CREATE TABLE `Domain_Vuln` (
  `FK_Domain` varchar(15) NOT NULL,
  `FK_CVE` varchar(30) NOT NULL,
  `State` varchar(9) NOT NULL DEFAULT 'Not Fixed',
  PRIMARY KEY (`FK_Domain`,`FK_CVE`),
  KEY `FK_CVE` (`FK_CVE`),
  CONSTRAINT `Domain_Vuln_ibfk_1` FOREIGN KEY (`FK_Domain`) REFERENCES `Domain` (`IP_address`),
  CONSTRAINT `Domain_Vuln_ibfk_2` FOREIGN KEY (`FK_CVE`) REFERENCES `CVE` (`CVE_id`)
) ENGINE=InnoDB DEFAULT CHARSET=utf8mb4;
/*!40101 SET character_set_client = @saved_cs_client */;

--
-- Dumping data for table `Domain_Vuln`
--

LOCK TABLES `Domain_Vuln` WRITE;
/*!40000 ALTER TABLE `Domain_Vuln` DISABLE KEYS */;
INSERT INTO `Domain_Vuln` VALUES ('10.0.10.90','CVE-2012-0814','Not Fixed'),('10.0.10.90','CVE-2016-10012','Not Fixed'),('10.0.10.90','CVE-2016-10708','Not Fixed'),('10.0.10.90','CVE-2021-38505','Not Fixed'),('10.0.12.21','CVE-2012-0814','Not Fixed'),('10.0.12.21','CVE-2016-10012','Not Fixed'),('10.0.12.21','CVE-2016-10708','Not Fixed'),('10.55.14.3','CVE-2001-0131','Not Fixed'),('10.55.14.3','CVE-2002-0563','Not Fixed'),('10.55.14.3','CVE-2008-1327','Not Fixed'),('10.55.14.3','CVE-2009-0038','Not Fixed'),('10.55.14.3','CVE-2010-3449','Not Fixed'),('10.55.14.3','CVE-2011-0533','Not Fixed'),('10.55.14.3','CVE-2013-0340','Not Fixed'),('10.55.14.3','CVE-2014-0085','Not Fixed'),('10.55.14.3','CVE-2014-6271','Not Fixed'),('10.55.14.3','CVE-2015-8982','Not Fixed'),('10.55.14.3','CVE-2016-1234','Not Fixed'),('10.55.14.3','CVE-2016-2166','Not Fixed'),('10.55.14.3','CVE-2016-4462','Not Fixed'),('10.55.14.3','CVE-2016-5387','Not Fixed'),('10.55.14.3','CVE-2016-5388','Not Fixed'),('10.55.14.3','CVE-2016-5582','Not Fixed'),('10.55.14.3','CVE-2016-6799','Not Fixed'),('10.55.14.3','CVE-2017-15714','Not Fixed'),('10.55.14.3','CVE-2017-17837','Not Fixed'),('10.55.14.3','CVE-2018-11786','Not Fixed'),('10.55.14.3','CVE-2018-1199','Not Fixed'),('10.55.14.3','CVE-2018-1336','Not Fixed'),('10.55.14.3','CVE-2018-16890','Not Fixed'),('10.55.14.3','CVE-2018-8010','Not Fixed'),('10.55.14.3','CVE-2018-8039','Not Fixed'),('10.55.14.3','CVE-2019-0224','Not Fixed'),('10.55.14.3','CVE-2019-11231','Not Fixed'),('10.55.14.3','CVE-2019-12401','Not Fixed'),('10.55.14.3','CVE-2019-12405','Not Fixed'),('10.55.14.3','CVE-2019-12409','Not Fixed'),('10.55.14.3','CVE-2019-12418','Not Fixed'),('10.55.14.3','CVE-2019-13012','Not Fixed'),('10.55.14.3','CVE-2019-13050','Not Fixed'),('10.55.14.3','CVE-2019-13115','Not Fixed'),('10.55.14.3','CVE-2019-13565','Not Fixed'),('10.55.14.3','CVE-2019-16056','Not Fixed'),('10.55.14.3','CVE-2019-17560','Not Fixed'),('10.55.14.3','CVE-2019-17570','Not Fixed'),('10.55.14.3','CVE-2019-3822','Not Fixed'),('10.55.14.3','CVE-2019-9512','Not Fixed'),('10.55.14.3','CVE-2019-9514','Not Fixed'),('10.55.14.3','CVE-2019-9515','Not Fixed'),('10.55.14.3','CVE-2019-9517','Not Fixed'),('10.55.14.3','CVE-2019-9518','Not Fixed'),('10.55.14.3','CVE-2019-9853','Not Fixed'),('10.55.14.3','CVE-2020-13925','Not Fixed'),('10.55.14.3','CVE-2020-13926','Not Fixed'),('10.55.14.3','CVE-2020-13932','Not Fixed'),('10.55.14.3','CVE-2020-13948','Not Fixed'),('10.55.14.3','CVE-2020-13952','Not Fixed'),('10.55.14.3','CVE-2020-14621','Not Fixed'),('10.55.14.3','CVE-2020-1752','Not Fixed'),('10.55.14.3','CVE-2020-25709','Not Fixed'),('10.55.14.3','CVE-2020-7760','Not Fixed'),('10.55.14.3','CVE-2021-22696','Not Fixed'),('10.55.14.3','CVE-2021-23336','Not Fixed'),('10.55.14.3','CVE-2021-23937','Not Fixed'),('10.55.14.3','CVE-2021-26291','Not Fixed'),('10.55.14.3','CVE-2021-26558','Not Fixed'),('10.55.14.3','CVE-2021-30468','Not Fixed'),('10.55.14.3','CVE-2021-30638','Not Fixed'),('10.55.14.3','CVE-2021-31522','Not Fixed'),('10.55.14.3','CVE-2021-32626','Not Fixed'),('10.55.14.3','CVE-2021-36774','Not Fixed'),('10.55.14.3','CVE-2021-37136','Not Fixed'),('10.55.14.3','CVE-2021-37137','Not Fixed'),('10.55.14.3','CVE-2021-41571','Not Fixed'),('10.55.14.3','CVE-2021-41616','Not Fixed'),('10.55.14.3','CVE-2021-43297','Not Fixed'),('10.55.14.3','CVE-2021-44228','Not Fixed'),('10.55.14.3','CVE-2021-45457','Not Fixed'),('10.55.14.3','CVE-2021-45458','Not Fixed'),('10.55.14.3','CVE-2022-22932','Not Fixed'),('192.92.133.27','CVE-2019-13115','Not Fixed'),('193.136.172.103','CVE-2019-13115','Not Fixed'),('193.136.172.151','CVE-1999-0488','Not Fixed'),('193.136.172.151','CVE-2000-0122','Not Fixed'),('193.136.172.151','CVE-2000-0160','Not Fixed'),('193.136.172.151','CVE-2000-0256','Not Fixed'),('193.136.172.151','CVE-2000-0544','Not Fixed'),('193.136.172.151','CVE-2002-0419','Not Fixed'),('193.136.172.151','CVE-2004-0790','Not Fixed'),('193.136.172.151','CVE-2004-0928','Not Fixed'),('193.136.172.151','CVE-2004-1060','Not Fixed'),('193.136.172.151','CVE-2004-2383','Not Fixed'),('193.136.172.151','CVE-2005-0563','Not Fixed'),('193.136.172.151','CVE-2006-3697','Not Fixed'),('193.136.172.151','CVE-2006-3942','Not Fixed'),('193.136.172.151','CVE-2006-5395','Not Fixed'),('193.136.172.151','CVE-2006-6627','Not Fixed'),('193.136.172.151','CVE-2007-0038','Not Fixed'),('193.136.172.151','CVE-2007-1765','Not Fixed'),('193.136.172.151','CVE-2007-6502','Not Fixed'),('193.136.172.151','CVE-2008-0085','Not Fixed'),('193.136.172.151','CVE-2008-0107','Not Fixed'),('193.136.172.151','CVE-2008-1447','Not Fixed'),('193.136.172.151','CVE-2008-3243','Not Fixed'),('193.136.172.151','CVE-2009-0087','Not Fixed'),('193.136.172.151','CVE-2009-0100','Not Fixed'),('193.136.172.151','CVE-2009-0550','Not Fixed'),('193.136.172.151','CVE-2009-0557','Not Fixed'),('193.136.172.151','CVE-2009-0560','Not Fixed'),('193.136.172.151','CVE-2009-0561','Not Fixed'),('193.136.172.151','CVE-2009-0563','Not Fixed'),('193.136.172.151','CVE-2009-0565','Not Fixed'),('193.136.172.151','CVE-2009-1134','Not Fixed'),('193.136.172.151','CVE-2009-2499','Not Fixed'),('193.136.172.151','CVE-2010-1263','Not Fixed'),('193.136.172.151','CVE-2010-1425','Not Fixed'),('193.136.172.151','CVE-2010-1900','Not Fixed'),('193.136.172.151','CVE-2010-1901','Not Fixed'),('193.136.172.151','CVE-2010-1902','Not Fixed'),('193.136.172.151','CVE-2012-1854','Not Fixed'),('193.136.172.151','CVE-2015-4950','Not Fixed'),('193.136.172.151','CVE-2015-6557','Not Fixed'),('193.136.172.151','CVE-2015-7404','Not Fixed'),('193.136.172.151','CVE-2017-0098','Not Fixed'),('193.136.172.151','CVE-2018-5282','Not Fixed'),('193.136.172.151','CVE-2018-5391','Not Fixed'),('193.136.172.151','CVE-2019-1000','Not Fixed'),('193.136.172.151','CVE-2019-16863','Not Fixed'),('193.136.172.151','CVE-2020-1296','Not Fixed'),('193.136.172.151','CVE-2020-1459','Not Fixed'),('193.136.172.151','CVE-2020-26233','Not Fixed'),('193.136.172.151','CVE-2020-35608','Not Fixed'),('193.136.172.151','CVE-2021-21505','Not Fixed'),('193.136.172.151','CVE-2021-38505','Not Fixed'),('193.136.172.151','CVE-2021-44228','Not Fixed'),('193.136.172.183','CVE-2000-0122','Not Fixed'),('193.136.172.183','CVE-2006-6627','Not Fixed'),('193.136.172.183','CVE-2008-1447','Not Fixed'),('193.136.172.183','CVE-2009-0087','Not Fixed'),('193.136.172.183','CVE-2009-0100','Not Fixed'),('193.136.172.183','CVE-2009-0550','Not Fixed'),('193.136.172.183','CVE-2009-0557','Not Fixed'),('193.136.172.183','CVE-2009-0560','Not Fixed'),('193.136.172.183','CVE-2009-0561','Not Fixed'),('193.136.172.183','CVE-2009-0563','Not Fixed'),('193.136.172.183','CVE-2009-0565','Not Fixed'),('193.136.172.183','CVE-2009-2499','Not Fixed'),('193.136.172.183','CVE-2010-1900','Not Fixed'),('193.136.172.183','CVE-2010-1901','Not Fixed'),('193.136.172.183','CVE-2010-1902','Not Fixed'),('193.136.172.183','CVE-2015-4950','Not Fixed'),('193.136.172.183','CVE-2017-0098','Not Fixed'),('193.136.172.183','CVE-2018-5391','Not Fixed'),('193.136.172.183','CVE-2020-26233','Not Fixed'),('193.136.172.183','CVE-2020-35608','Not Fixed'),('193.136.172.183','CVE-2021-21505','Not Fixed'),('193.136.172.183','CVE-2021-44228','Not Fixed'),('193.136.172.49','CVE-2021-38505','Not Fixed'),('193.136.172.89','CVE-2000-0122','Not Fixed'),('193.136.172.89','CVE-2006-6627','Not Fixed'),('193.136.172.89','CVE-2008-1447','Not Fixed'),('193.136.172.89','CVE-2009-0087','Not Fixed'),('193.136.172.89','CVE-2009-0100','Not Fixed'),('193.136.172.89','CVE-2009-0550','Not Fixed'),('193.136.172.89','CVE-2009-0557','Not Fixed'),('193.136.172.89','CVE-2009-0560','Not Fixed'),('193.136.172.89','CVE-2009-0561','Not Fixed'),('193.136.172.89','CVE-2009-0563','Not Fixed'),('193.136.172.89','CVE-2009-0565','Not Fixed'),('193.136.172.89','CVE-2009-2499','Not Fixed'),('193.136.172.89','CVE-2010-1900','Not Fixed'),('193.136.172.89','CVE-2010-1901','Not Fixed'),('193.136.172.89','CVE-2010-1902','Not Fixed'),('193.136.172.89','CVE-2015-4950','Not Fixed'),('193.136.172.89','CVE-2017-0098','Not Fixed'),('193.136.172.89','CVE-2018-5391','Not Fixed'),('193.136.172.89','CVE-2020-26233','Not Fixed'),('193.136.172.89','CVE-2020-35608','Not Fixed'),('193.136.172.89','CVE-2021-21505','Not Fixed'),('193.136.172.89','CVE-2021-44228','Not Fixed'),('193.136.173.100','CVE-2000-0122','Not Fixed'),('193.136.173.100','CVE-2006-6627','Not Fixed'),('193.136.173.100','CVE-2008-1447','Not Fixed'),('193.136.173.100','CVE-2009-0087','Not Fixed'),('193.136.173.100','CVE-2009-0100','Not Fixed'),('193.136.173.100','CVE-2009-0550','Not Fixed'),('193.136.173.100','CVE-2009-0557','Not Fixed'),('193.136.173.100','CVE-2009-0560','Not Fixed'),('193.136.173.100','CVE-2009-0561','Not Fixed'),('193.136.173.100','CVE-2009-0563','Not Fixed'),('193.136.173.100','CVE-2009-0565','Not Fixed'),('193.136.173.100','CVE-2009-2499','Not Fixed'),('193.136.173.100','CVE-2010-1900','Not Fixed'),('193.136.173.100','CVE-2010-1901','Not Fixed'),('193.136.173.100','CVE-2010-1902','Not Fixed'),('193.136.173.100','CVE-2015-4950','Not Fixed'),('193.136.173.100','CVE-2017-0098','Not Fixed'),('193.136.173.100','CVE-2018-5391','Not Fixed'),('193.136.173.100','CVE-2020-26233','Not Fixed'),('193.136.173.100','CVE-2020-35608','Not Fixed'),('193.136.173.100','CVE-2021-21505','Not Fixed'),('193.136.173.100','CVE-2021-44228','Not Fixed'),('193.136.173.103','CVE-2001-0131','Not Fixed'),('193.136.173.103','CVE-2002-0563','Not Fixed'),('193.136.173.103','CVE-2008-1327','Not Fixed'),('193.136.173.103','CVE-2009-0038','Not Fixed'),('193.136.173.103','CVE-2010-3449','Not Fixed'),('193.136.173.103','CVE-2011-0533','Not Fixed'),('193.136.173.103','CVE-2013-0340','Not Fixed'),('193.136.173.103','CVE-2014-0085','Not Fixed'),('193.136.173.103','CVE-2014-6271','Not Fixed'),('193.136.173.103','CVE-2015-8982','Not Fixed'),('193.136.173.103','CVE-2016-1234','Not Fixed'),('193.136.173.103','CVE-2016-2166','Not Fixed'),('193.136.173.103','CVE-2016-4462','Not Fixed'),('193.136.173.103','CVE-2016-5387','Not Fixed'),('193.136.173.103','CVE-2016-5388','Not Fixed'),('193.136.173.103','CVE-2016-5582','Not Fixed'),('193.136.173.103','CVE-2016-6799','Not Fixed'),('193.136.173.103','CVE-2017-15714','Not Fixed'),('193.136.173.103','CVE-2017-17837','Not Fixed'),('193.136.173.103','CVE-2018-11786','Not Fixed'),('193.136.173.103','CVE-2018-1199','Not Fixed'),('193.136.173.103','CVE-2018-1336','Not Fixed'),('193.136.173.103','CVE-2018-16890','Not Fixed'),('193.136.173.103','CVE-2018-8010','Not Fixed'),('193.136.173.103','CVE-2018-8039','Not Fixed'),('193.136.173.103','CVE-2019-0224','Not Fixed'),('193.136.173.103','CVE-2019-11231','Not Fixed'),('193.136.173.103','CVE-2019-12401','Not Fixed'),('193.136.173.103','CVE-2019-12405','Not Fixed'),('193.136.173.103','CVE-2019-12409','Not Fixed'),('193.136.173.103','CVE-2019-12418','Not Fixed'),('193.136.173.103','CVE-2019-13012','Not Fixed'),('193.136.173.103','CVE-2019-13050','Not Fixed'),('193.136.173.103','CVE-2019-13115','Not Fixed'),('193.136.173.103','CVE-2019-13565','Not Fixed'),('193.136.173.103','CVE-2019-16056','Not Fixed'),('193.136.173.103','CVE-2019-17560','Not Fixed'),('193.136.173.103','CVE-2019-17570','Not Fixed'),('193.136.173.103','CVE-2019-3822','Not Fixed'),('193.136.173.103','CVE-2019-9512','Not Fixed'),('193.136.173.103','CVE-2019-9514','Not Fixed'),('193.136.173.103','CVE-2019-9515','Not Fixed'),('193.136.173.103','CVE-2019-9517','Not Fixed'),('193.136.173.103','CVE-2019-9518','Not Fixed'),('193.136.173.103','CVE-2019-9853','Not Fixed'),('193.136.173.103','CVE-2020-13925','Not Fixed'),('193.136.173.103','CVE-2020-13926','Not Fixed'),('193.136.173.103','CVE-2020-13932','Not Fixed'),('193.136.173.103','CVE-2020-13948','Not Fixed'),('193.136.173.103','CVE-2020-13952','Not Fixed'),('193.136.173.103','CVE-2020-14621','Not Fixed'),('193.136.173.103','CVE-2020-1752','Not Fixed'),('193.136.173.103','CVE-2020-25709','Not Fixed'),('193.136.173.103','CVE-2020-7760','Not Fixed'),('193.136.173.103','CVE-2021-22696','Not Fixed'),('193.136.173.103','CVE-2021-23336','Not Fixed'),('193.136.173.103','CVE-2021-23937','Not Fixed'),('193.136.173.103','CVE-2021-26291','Not Fixed'),('193.136.173.103','CVE-2021-26558','Not Fixed'),('193.136.173.103','CVE-2021-30468','Not Fixed'),('193.136.173.103','CVE-2021-30638','Not Fixed'),('193.136.173.103','CVE-2021-31522','Not Fixed'),('193.136.173.103','CVE-2021-32626','Not Fixed'),('193.136.173.103','CVE-2021-36774','Not Fixed'),('193.136.173.103','CVE-2021-37136','Not Fixed'),('193.136.173.103','CVE-2021-37137','Not Fixed'),('193.136.173.103','CVE-2021-41571','Not Fixed'),('193.136.173.103','CVE-2021-41616','Not Fixed'),('193.136.173.103','CVE-2021-43297','Not Fixed'),('193.136.173.103','CVE-2021-44228','Not Fixed'),('193.136.173.103','CVE-2021-45457','Not Fixed'),('193.136.173.103','CVE-2021-45458','Not Fixed'),('193.136.173.103','CVE-2022-22932','Not Fixed'),('193.136.173.2','CVE-2000-0122','Not Fixed'),('193.136.173.2','CVE-2000-0256','Not Fixed'),('193.136.173.2','CVE-2004-2383','Not Fixed'),('193.136.173.2','CVE-2006-3942','Not Fixed'),('193.136.173.2','CVE-2006-5395','Not Fixed'),('193.136.173.2','CVE-2006-6627','Not Fixed'),('193.136.173.2','CVE-2007-0038','Not Fixed'),('193.136.173.2','CVE-2010-1425','Not Fixed'),('193.136.173.2','CVE-2015-4950','Not Fixed'),('193.136.173.2','CVE-2015-6557','Not Fixed'),('193.136.173.2','CVE-2015-7404','Not Fixed'),('193.136.173.24','CVE-2000-0122','Not Fixed'),('193.136.173.24','CVE-2006-6627','Not Fixed'),('193.136.173.24','CVE-2008-1447','Not Fixed'),('193.136.173.24','CVE-2009-0087','Not Fixed'),('193.136.173.24','CVE-2009-0100','Not Fixed'),('193.136.173.24','CVE-2009-0550','Not Fixed'),('193.136.173.24','CVE-2009-0557','Not Fixed'),('193.136.173.24','CVE-2009-0560','Not Fixed'),('193.136.173.24','CVE-2009-0561','Not Fixed'),('193.136.173.24','CVE-2009-0563','Not Fixed'),('193.136.173.24','CVE-2009-0565','Not Fixed'),('193.136.173.24','CVE-2009-2499','Not Fixed'),('193.136.173.24','CVE-2010-1900','Not Fixed'),('193.136.173.24','CVE-2010-1901','Not Fixed'),('193.136.173.24','CVE-2010-1902','Not Fixed'),('193.136.173.24','CVE-2015-4950','Not Fixed'),('193.136.173.24','CVE-2017-0098','Not Fixed'),('193.136.173.24','CVE-2018-5391','Not Fixed'),('193.136.173.24','CVE-2020-26233','Not Fixed'),('193.136.173.24','CVE-2020-35608','Not Fixed'),('193.136.173.24','CVE-2021-21505','Not Fixed'),('193.136.173.24','CVE-2021-44228','Not Fixed'),('193.136.173.26','CVE-2009-0053','Not Fixed'),('193.136.173.26','CVE-2009-0054','Not Fixed'),('193.136.173.26','CVE-2009-0055','Not Fixed'),('193.136.173.26','CVE-2009-0056','Not Fixed'),('193.136.173.27','CVE-2009-0053','Not Fixed'),('193.136.173.27','CVE-2009-0054','Not Fixed'),('193.136.173.27','CVE-2009-0055','Not Fixed'),('193.136.173.27','CVE-2009-0056','Not Fixed'),('193.136.173.5','CVE-2000-0122','Not Fixed'),('193.136.173.5','CVE-2000-0256','Not Fixed'),('193.136.173.5','CVE-2004-2383','Not Fixed'),('193.136.173.5','CVE-2006-3942','Not Fixed'),('193.136.173.5','CVE-2006-5395','Not Fixed'),('193.136.173.5','CVE-2006-6627','Not Fixed'),('193.136.173.5','CVE-2007-0038','Not Fixed'),('193.136.173.5','CVE-2010-1425','Not Fixed'),('193.136.173.5','CVE-2015-4950','Not Fixed'),('193.136.173.5','CVE-2015-6557','Not Fixed'),('193.136.173.5','CVE-2015-7404','Not Fixed'),('193.136.173.51','CVE-2009-0550','Not Fixed'),('193.136.173.51','CVE-2015-6557','Not Fixed'),('193.136.173.51','CVE-2015-7404','Not Fixed'),('193.136.173.6','CVE-2000-0122','Not Fixed'),('193.136.173.6','CVE-2000-0256','Not Fixed'),('193.136.173.6','CVE-2004-2383','Not Fixed'),('193.136.173.6','CVE-2006-3942','Not Fixed'),('193.136.173.6','CVE-2006-5395','Not Fixed'),('193.136.173.6','CVE-2006-6627','Not Fixed'),('193.136.173.6','CVE-2007-0038','Not Fixed'),('193.136.173.6','CVE-2010-1425','Not Fixed'),('193.136.173.6','CVE-2015-4950','Not Fixed'),('193.136.173.6','CVE-2015-6557','Not Fixed'),('193.136.173.6','CVE-2015-7404','Not Fixed'),('193.136.173.7','CVE-2000-0122','Not Fixed'),('193.136.173.7','CVE-2000-0256','Not Fixed'),('193.136.173.7','CVE-2004-2383','Not Fixed'),('193.136.173.7','CVE-2006-3942','Not Fixed'),('193.136.173.7','CVE-2006-5395','Not Fixed'),('193.136.173.7','CVE-2006-6627','Not Fixed'),('193.136.173.7','CVE-2007-0038','Not Fixed'),('193.136.173.7','CVE-2010-1425','Not Fixed'),('193.136.173.7','CVE-2015-4950','Not Fixed'),('193.136.173.7','CVE-2015-6557','Not Fixed'),('193.136.173.7','CVE-2015-7404','Not Fixed'),('193.136.173.84','CVE-1999-0488','Not Fixed'),('193.136.173.84','CVE-2000-0122','Not Fixed'),('193.136.173.84','CVE-2000-0160','Not Fixed'),('193.136.173.84','CVE-2000-0256','Not Fixed'),('193.136.173.84','CVE-2000-0544','Not Fixed'),('193.136.173.84','CVE-2002-0419','Not Fixed'),('193.136.173.84','CVE-2004-0790','Not Fixed'),('193.136.173.84','CVE-2004-0928','Not Fixed'),('193.136.173.84','CVE-2004-1060','Not Fixed'),('193.136.173.84','CVE-2004-2383','Not Fixed'),('193.136.173.84','CVE-2005-0563','Not Fixed'),('193.136.173.84','CVE-2006-3697','Not Fixed'),('193.136.173.84','CVE-2006-3942','Not Fixed'),('193.136.173.84','CVE-2006-5395','Not Fixed'),('193.136.173.84','CVE-2006-6627','Not Fixed'),('193.136.173.84','CVE-2007-0038','Not Fixed'),('193.136.173.84','CVE-2007-1765','Not Fixed'),('193.136.173.84','CVE-2007-6502','Not Fixed'),('193.136.173.84','CVE-2008-0085','Not Fixed'),('193.136.173.84','CVE-2008-0107','Not Fixed'),('193.136.173.84','CVE-2008-1447','Not Fixed'),('193.136.173.84','CVE-2008-3243','Not Fixed'),('193.136.173.84','CVE-2009-0087','Not Fixed'),('193.136.173.84','CVE-2009-0100','Not Fixed'),('193.136.173.84','CVE-2009-0550','Not Fixed'),('193.136.173.84','CVE-2009-0557','Not Fixed'),('193.136.173.84','CVE-2009-0560','Not Fixed'),('193.136.173.84','CVE-2009-0561','Not Fixed'),('193.136.173.84','CVE-2009-0563','Not Fixed'),('193.136.173.84','CVE-2009-0565','Not Fixed'),('193.136.173.84','CVE-2009-1134','Not Fixed'),('193.136.173.84','CVE-2009-2499','Not Fixed'),('193.136.173.84','CVE-2010-1263','Not Fixed'),('193.136.173.84','CVE-2010-1425','Not Fixed'),('193.136.173.84','CVE-2010-1900','Not Fixed'),('193.136.173.84','CVE-2010-1901','Not Fixed'),('193.136.173.84','CVE-2010-1902','Not Fixed'),('193.136.173.84','CVE-2012-1854','Not Fixed'),('193.136.173.84','CVE-2015-4950','Not Fixed'),('193.136.173.84','CVE-2015-6557','Not Fixed'),('193.136.173.84','CVE-2015-7404','Not Fixed'),('193.136.173.84','CVE-2017-0098','Not Fixed'),('193.136.173.84','CVE-2018-5282','Not Fixed'),('193.136.173.84','CVE-2018-5391','Not Fixed'),('193.136.173.84','CVE-2019-1000','Not Fixed'),('193.136.173.84','CVE-2019-16863','Not Fixed'),('193.136.173.84','CVE-2020-1296','Not Fixed'),('193.136.173.84','CVE-2020-1459','Not Fixed'),('193.136.173.84','CVE-2020-26233','Not Fixed'),('193.136.173.84','CVE-2020-35608','Not Fixed'),('193.136.173.84','CVE-2021-21505','Not Fixed'),('193.136.173.84','CVE-2021-38505','Not Fixed'),('193.136.173.84','CVE-2021-44228','Not Fixed'),('193.136.173.9','CVE-2001-0131','Not Fixed'),('193.136.173.9','CVE-2002-0563','Not Fixed'),('193.136.173.9','CVE-2008-1327','Not Fixed'),('193.136.173.9','CVE-2009-0038','Not Fixed'),('193.136.173.9','CVE-2010-3449','Not Fixed'),('193.136.173.9','CVE-2011-0533','Not Fixed'),('193.136.173.9','CVE-2013-0340','Not Fixed'),('193.136.173.9','CVE-2014-0085','Not Fixed'),('193.136.173.9','CVE-2014-6271','Not Fixed'),('193.136.173.9','CVE-2015-8982','Not Fixed'),('193.136.173.9','CVE-2016-1234','Not Fixed'),('193.136.173.9','CVE-2016-2166','Not Fixed'),('193.136.173.9','CVE-2016-4462','Not Fixed'),('193.136.173.9','CVE-2016-5387','Not Fixed'),('193.136.173.9','CVE-2016-5388','Not Fixed'),('193.136.173.9','CVE-2016-5582','Not Fixed'),('193.136.173.9','CVE-2016-6799','Not Fixed'),('193.136.173.9','CVE-2017-15714','Not Fixed'),('193.136.173.9','CVE-2017-17837','Not Fixed'),('193.136.173.9','CVE-2018-11786','Not Fixed'),('193.136.173.9','CVE-2018-1199','Not Fixed'),('193.136.173.9','CVE-2018-1336','Not Fixed'),('193.136.173.9','CVE-2018-16890','Not Fixed'),('193.136.173.9','CVE-2018-8010','Not Fixed'),('193.136.173.9','CVE-2018-8039','Not Fixed'),('193.136.173.9','CVE-2019-0224','Not Fixed'),('193.136.173.9','CVE-2019-11231','Not Fixed'),('193.136.173.9','CVE-2019-12401','Not Fixed'),('193.136.173.9','CVE-2019-12405','Not Fixed'),('193.136.173.9','CVE-2019-12409','Not Fixed'),('193.136.173.9','CVE-2019-12418','Not Fixed'),('193.136.173.9','CVE-2019-13012','Not Fixed'),('193.136.173.9','CVE-2019-13050','Not Fixed'),('193.136.173.9','CVE-2019-13115','Not Fixed'),('193.136.173.9','CVE-2019-13565','Not Fixed'),('193.136.173.9','CVE-2019-16056','Not Fixed'),('193.136.173.9','CVE-2019-17560','Not Fixed'),('193.136.173.9','CVE-2019-17570','Not Fixed'),('193.136.173.9','CVE-2019-3822','Not Fixed'),('193.136.173.9','CVE-2019-9512','Not Fixed'),('193.136.173.9','CVE-2019-9514','Not Fixed'),('193.136.173.9','CVE-2019-9515','Not Fixed'),('193.136.173.9','CVE-2019-9517','Not Fixed'),('193.136.173.9','CVE-2019-9518','Not Fixed'),('193.136.173.9','CVE-2019-9853','Not Fixed'),('193.136.173.9','CVE-2020-13925','Not Fixed'),('193.136.173.9','CVE-2020-13926','Not Fixed'),('193.136.173.9','CVE-2020-13932','Not Fixed'),('193.136.173.9','CVE-2020-13948','Not Fixed'),('193.136.173.9','CVE-2020-13952','Not Fixed'),('193.136.173.9','CVE-2020-14621','Not Fixed'),('193.136.173.9','CVE-2020-1752','Not Fixed'),('193.136.173.9','CVE-2020-25709','Not Fixed'),('193.136.173.9','CVE-2020-7760','Not Fixed'),('193.136.173.9','CVE-2021-22696','Not Fixed'),('193.136.173.9','CVE-2021-23336','Not Fixed'),('193.136.173.9','CVE-2021-23937','Not Fixed'),('193.136.173.9','CVE-2021-26291','Not Fixed'),('193.136.173.9','CVE-2021-26558','Not Fixed'),('193.136.173.9','CVE-2021-30468','Not Fixed'),('193.136.173.9','CVE-2021-30638','Not Fixed'),('193.136.173.9','CVE-2021-31522','Not Fixed'),('193.136.173.9','CVE-2021-32626','Not Fixed'),('193.136.173.9','CVE-2021-36774','Not Fixed'),('193.136.173.9','CVE-2021-37136','Not Fixed'),('193.136.173.9','CVE-2021-37137','Not Fixed'),('193.136.173.9','CVE-2021-41571','Not Fixed'),('193.136.173.9','CVE-2021-41616','Not Fixed'),('193.136.173.9','CVE-2021-43297','Not Fixed'),('193.136.173.9','CVE-2021-44228','Not Fixed'),('193.136.173.9','CVE-2021-45457','Not Fixed'),('193.136.173.9','CVE-2021-45458','Not Fixed'),('193.136.173.9','CVE-2022-22932','Not Fixed'),('193.136.173.91','CVE-2019-13115','Not Fixed'),('193.136.173.95','CVE-2001-0131','Not Fixed'),('193.136.173.95','CVE-2002-0563','Not Fixed'),('193.136.173.95','CVE-2008-1327','Not Fixed'),('193.136.173.95','CVE-2009-0038','Not Fixed'),('193.136.173.95','CVE-2010-3449','Not Fixed'),('193.136.173.95','CVE-2011-0533','Not Fixed'),('193.136.173.95','CVE-2013-0340','Not Fixed'),('193.136.173.95','CVE-2014-0085','Not Fixed'),('193.136.173.95','CVE-2014-6271','Not Fixed'),('193.136.173.95','CVE-2015-8982','Not Fixed'),('193.136.173.95','CVE-2016-1234','Not Fixed'),('193.136.173.95','CVE-2016-2166','Not Fixed'),('193.136.173.95','CVE-2016-4462','Not Fixed'),('193.136.173.95','CVE-2016-5387','Not Fixed'),('193.136.173.95','CVE-2016-5388','Not Fixed'),('193.136.173.95','CVE-2016-5582','Not Fixed'),('193.136.173.95','CVE-2016-6799','Not Fixed'),('193.136.173.95','CVE-2017-15714','Not Fixed'),('193.136.173.95','CVE-2017-17837','Not Fixed'),('193.136.173.95','CVE-2018-11786','Not Fixed'),('193.136.173.95','CVE-2018-1199','Not Fixed'),('193.136.173.95','CVE-2018-1336','Not Fixed'),('193.136.173.95','CVE-2018-16890','Not Fixed'),('193.136.173.95','CVE-2018-8010','Not Fixed'),('193.136.173.95','CVE-2018-8039','Not Fixed'),('193.136.173.95','CVE-2019-0224','Not Fixed'),('193.136.173.95','CVE-2019-11231','Not Fixed'),('193.136.173.95','CVE-2019-12401','Not Fixed'),('193.136.173.95','CVE-2019-12405','Not Fixed'),('193.136.173.95','CVE-2019-12409','Not Fixed'),('193.136.173.95','CVE-2019-12418','Not Fixed'),('193.136.173.95','CVE-2019-13012','Not Fixed'),('193.136.173.95','CVE-2019-13050','Not Fixed'),('193.136.173.95','CVE-2019-13115','Not Fixed'),('193.136.173.95','CVE-2019-13565','Not Fixed'),('193.136.173.95','CVE-2019-16056','Not Fixed'),('193.136.173.95','CVE-2019-17560','Not Fixed'),('193.136.173.95','CVE-2019-17570','Not Fixed'),('193.136.173.95','CVE-2019-3822','Not Fixed'),('193.136.173.95','CVE-2019-9512','Not Fixed'),('193.136.173.95','CVE-2019-9514','Not Fixed'),('193.136.173.95','CVE-2019-9515','Not Fixed'),('193.136.173.95','CVE-2019-9517','Not Fixed'),('193.136.173.95','CVE-2019-9518','Not Fixed'),('193.136.173.95','CVE-2019-9853','Not Fixed'),('193.136.173.95','CVE-2020-13925','Not Fixed'),('193.136.173.95','CVE-2020-13926','Not Fixed'),('193.136.173.95','CVE-2020-13932','Not Fixed'),('193.136.173.95','CVE-2020-13948','Not Fixed'),('193.136.173.95','CVE-2020-13952','Not Fixed'),('193.136.173.95','CVE-2020-14621','Not Fixed'),('193.136.173.95','CVE-2020-1752','Not Fixed'),('193.136.173.95','CVE-2020-25709','Not Fixed'),('193.136.173.95','CVE-2020-7760','Not Fixed'),('193.136.173.95','CVE-2021-22696','Not Fixed'),('193.136.173.95','CVE-2021-23336','Not Fixed'),('193.136.173.95','CVE-2021-23937','Not Fixed'),('193.136.173.95','CVE-2021-26291','Not Fixed'),('193.136.173.95','CVE-2021-26558','Not Fixed'),('193.136.173.95','CVE-2021-30468','Not Fixed'),('193.136.173.95','CVE-2021-30638','Not Fixed'),('193.136.173.95','CVE-2021-31522','Not Fixed'),('193.136.173.95','CVE-2021-32626','Not Fixed'),('193.136.173.95','CVE-2021-36774','Not Fixed'),('193.136.173.95','CVE-2021-37136','Not Fixed'),('193.136.173.95','CVE-2021-37137','Not Fixed'),('193.136.173.95','CVE-2021-41571','Not Fixed'),('193.136.173.95','CVE-2021-41616','Not Fixed'),('193.136.173.95','CVE-2021-43297','Not Fixed'),('193.136.173.95','CVE-2021-44228','Not Fixed'),('193.136.173.95','CVE-2021-45457','Not Fixed'),('193.136.173.95','CVE-2021-45458','Not Fixed'),('193.136.173.95','CVE-2022-22932','Not Fixed'),('193.136.175.13','CVE-2008-1327','Not Fixed'),('193.136.175.13','CVE-2013-0340','Not Fixed'),('193.136.175.13','CVE-2015-8982','Not Fixed'),('193.136.175.13','CVE-2016-1234','Not Fixed'),('193.136.175.13','CVE-2016-5387','Not Fixed'),('193.136.175.13','CVE-2016-5388','Not Fixed'),('193.136.175.13','CVE-2016-5582','Not Fixed'),('193.136.175.13','CVE-2017-17837','Not Fixed'),('193.136.175.13','CVE-2018-1336','Not Fixed'),('193.136.175.13','CVE-2018-8010','Not Fixed'),('193.136.175.13','CVE-2018-8039','Not Fixed'),('193.136.175.13','CVE-2019-12405','Not Fixed'),('193.136.175.13','CVE-2019-12418','Not Fixed'),('193.136.175.13','CVE-2019-13012','Not Fixed'),('193.136.175.13','CVE-2019-13050','Not Fixed'),('193.136.175.13','CVE-2019-13115','Not Fixed'),('193.136.175.13','CVE-2019-13565','Not Fixed'),('193.136.175.13','CVE-2019-16056','Not Fixed'),('193.136.175.13','CVE-2019-17570','Not Fixed'),('193.136.175.13','CVE-2019-9512','Not Fixed'),('193.136.175.13','CVE-2019-9514','Not Fixed'),('193.136.175.13','CVE-2019-9518','Not Fixed'),('193.136.175.13','CVE-2019-9853','Not Fixed'),('193.136.175.13','CVE-2020-13925','Not Fixed'),('193.136.175.13','CVE-2020-13926','Not Fixed'),('193.136.175.13','CVE-2020-13932','Not Fixed'),('193.136.175.13','CVE-2020-13948','Not Fixed'),('193.136.175.13','CVE-2020-14621','Not Fixed'),('193.136.175.13','CVE-2020-1752','Not Fixed'),('193.136.175.13','CVE-2020-25709','Not Fixed'),('193.136.175.13','CVE-2021-22696','Not Fixed'),('193.136.175.13','CVE-2021-23336','Not Fixed'),('193.136.175.13','CVE-2021-26291','Not Fixed'),('193.136.175.13','CVE-2021-26558','Not Fixed'),('193.136.175.13','CVE-2021-30468','Not Fixed'),('193.136.175.13','CVE-2021-30638','Not Fixed'),('193.136.175.13','CVE-2021-36774','Not Fixed'),('193.136.175.13','CVE-2021-37136','Not Fixed'),('193.136.175.13','CVE-2021-37137','Not Fixed'),('193.136.92.1','CVE-2016-10012','Not Fixed'),('193.136.92.113','CVE-2016-10012','Not Fixed'),('193.136.92.113','CVE-2020-1992','Not Fixed'),('193.136.92.113','CVE-2020-2030','Not Fixed'),('193.136.92.113','CVE-2020-26195','Not Fixed'),('193.136.92.113','CVE-2020-28025','Not Fixed'),('193.136.92.113','CVE-2021-21502','Not Fixed'),('193.136.92.140','CVE-2012-0814','Not Fixed'),('193.136.92.140','CVE-2016-10012','Not Fixed'),('193.136.92.140','CVE-2016-10708','Not Fixed'),('193.136.92.140','CVE-2020-28025','Not Fixed'),('193.136.92.147','CVE-2012-0814','Not Fixed'),('193.136.92.147','CVE-2016-10012','Not Fixed'),('193.136.92.147','CVE-2016-10708','Not Fixed'),('193.136.92.147','CVE-2019-13115','Not Fixed'),('193.136.92.150','CVE-2012-0814','Not Fixed'),('193.136.92.150','CVE-2016-10012','Not Fixed'),('193.136.92.150','CVE-2016-10708','Not Fixed'),('193.136.92.162','CVE-2016-10012','Not Fixed'),('193.136.92.162','CVE-2021-33912','Not Fixed'),('193.136.92.162','CVE-2021-33913','Not Fixed'),('193.136.92.181','CVE-2016-10012','Not Fixed'),('193.136.92.35','CVE-2012-0814','Not Fixed'),('193.136.92.35','CVE-2016-10012','Not Fixed'),('193.136.92.35','CVE-2016-10708','Not Fixed'),('193.136.92.51','CVE-1999-0488','Not Fixed'),('193.136.92.51','CVE-2000-0122','Not Fixed'),('193.136.92.51','CVE-2000-0160','Not Fixed'),('193.136.92.51','CVE-2000-0256','Not Fixed'),('193.136.92.51','CVE-2000-0544','Not Fixed'),('193.136.92.51','CVE-2002-0419','Not Fixed'),('193.136.92.51','CVE-2004-0790','Not Fixed'),('193.136.92.51','CVE-2004-0928','Not Fixed'),('193.136.92.51','CVE-2004-1060','Not Fixed'),('193.136.92.51','CVE-2004-2383','Not Fixed'),('193.136.92.51','CVE-2005-0563','Not Fixed'),('193.136.92.51','CVE-2006-3697','Not Fixed'),('193.136.92.51','CVE-2006-3942','Not Fixed'),('193.136.92.51','CVE-2006-5395','Not Fixed'),('193.136.92.51','CVE-2006-6627','Not Fixed'),('193.136.92.51','CVE-2007-0038','Not Fixed'),('193.136.92.51','CVE-2007-1765','Not Fixed'),('193.136.92.51','CVE-2007-6502','Not Fixed'),('193.136.92.51','CVE-2008-0085','Not Fixed'),('193.136.92.51','CVE-2008-0107','Not Fixed'),('193.136.92.51','CVE-2008-1447','Not Fixed'),('193.136.92.51','CVE-2008-3243','Not Fixed'),('193.136.92.51','CVE-2009-0087','Not Fixed'),('193.136.92.51','CVE-2009-0100','Not Fixed'),('193.136.92.51','CVE-2009-0550','Not Fixed'),('193.136.92.51','CVE-2009-0557','Not Fixed'),('193.136.92.51','CVE-2009-0560','Not Fixed'),('193.136.92.51','CVE-2009-0561','Not Fixed'),('193.136.92.51','CVE-2009-0563','Not Fixed'),('193.136.92.51','CVE-2009-0565','Not Fixed'),('193.136.92.51','CVE-2009-1134','Not Fixed'),('193.136.92.51','CVE-2009-2499','Not Fixed'),('193.136.92.51','CVE-2010-1263','Not Fixed'),('193.136.92.51','CVE-2010-1425','Not Fixed'),('193.136.92.51','CVE-2010-1900','Not Fixed'),('193.136.92.51','CVE-2010-1901','Not Fixed'),('193.136.92.51','CVE-2010-1902','Not Fixed'),('193.136.92.51','CVE-2012-1854','Not Fixed'),('193.136.92.51','CVE-2015-4950','Not Fixed'),('193.136.92.51','CVE-2015-6557','Not Fixed'),('193.136.92.51','CVE-2015-7404','Not Fixed'),('193.136.92.51','CVE-2017-0098','Not Fixed'),('193.136.92.51','CVE-2018-5282','Not Fixed'),('193.136.92.51','CVE-2018-5391','Not Fixed'),('193.136.92.51','CVE-2019-1000','Not Fixed'),('193.136.92.51','CVE-2019-16863','Not Fixed'),('193.136.92.51','CVE-2020-1296','Not Fixed'),('193.136.92.51','CVE-2020-1459','Not Fixed'),('193.136.92.51','CVE-2020-26233','Not Fixed'),('193.136.92.51','CVE-2020-35608','Not Fixed'),('193.136.92.51','CVE-2021-21505','Not Fixed'),('193.136.92.51','CVE-2021-38505','Not Fixed'),('193.136.92.51','CVE-2021-44228','Not Fixed'),('193.137.172.2','CVE-2019-13115','Not Fixed'),('193.137.172.20','CVE-2021-38505','Not Fixed'),('193.137.172.66','CVE-2016-10012','Not Fixed'),('193.137.172.66','CVE-2019-13115','Not Fixed'),('193.137.172.71','CVE-2019-13115','Not Fixed'),('193.137.172.90','CVE-2012-0814','Not Fixed'),('193.137.172.94','CVE-2019-13115','Not Fixed'),('193.137.173.235','CVE-2008-5994','Not Fixed'),('193.137.173.235','CVE-2013-1359','Not Fixed'),('193.137.173.235','CVE-2014-6271','Not Fixed'),('193.137.173.235','CVE-2017-9106','Not Fixed'),('193.137.173.235','CVE-2020-15137','Not Fixed'),('193.137.173.235','CVE-2020-6021','Not Fixed'),('193.137.173.235','CVE-2021-34405','Not Fixed');
/*!40000 ALTER TABLE `Domain_Vuln` ENABLE KEYS */;
UNLOCK TABLES;

--
-- Table structure for table `Users`
--

DROP TABLE IF EXISTS `Users`;
/*!40101 SET @saved_cs_client     = @@character_set_client */;
/*!40101 SET character_set_client = utf8 */;
CREATE TABLE `Users` (
  `Username` varchar(40) NOT NULL,
  `email` varchar(40) NOT NULL,
  `role_` varchar(10) NOT NULL,
  `name_` varchar(100) DEFAULT NULL,
  PRIMARY KEY (`Username`)
) ENGINE=InnoDB DEFAULT CHARSET=utf8mb4;
/*!40101 SET character_set_client = @saved_cs_client */;

--
-- Dumping data for table `Users`
--

LOCK TABLES `Users` WRITE;
/*!40000 ALTER TABLE `Users` DISABLE KEYS */;
INSERT INTO `Users` VALUES ('anafilipe','anaacorreiaaa@gmail.com','admin',NULL),('joaogilfernandes','joaogilfernandes@ua.pt','user',NULL),('olavo.saraiva','olavoesaraiva@gmail.com','admin',NULL),('pedrocjdpereira','pedrocjdpereira@ua.pt','user',NULL),('pedrosa.tiago','pedrosa.tiago@ua.pt','user',NULL);
/*!40000 ALTER TABLE `Users` ENABLE KEYS */;
UNLOCK TABLES;
/*!40103 SET TIME_ZONE=@OLD_TIME_ZONE */;

/*!40101 SET SQL_MODE=@OLD_SQL_MODE */;
/*!40014 SET FOREIGN_KEY_CHECKS=@OLD_FOREIGN_KEY_CHECKS */;
/*!40014 SET UNIQUE_CHECKS=@OLD_UNIQUE_CHECKS */;
/*!40101 SET CHARACTER_SET_CLIENT=@OLD_CHARACTER_SET_CLIENT */;
/*!40101 SET CHARACTER_SET_RESULTS=@OLD_CHARACTER_SET_RESULTS */;
/*!40101 SET COLLATION_CONNECTION=@OLD_COLLATION_CONNECTION */;
/*!40111 SET SQL_NOTES=@OLD_SQL_NOTES */;

-- Dump completed on 2022-05-31 12:58:27
